packet_counter,decrypt_time_ns,decrypt_time_us
1,1818490,1818.49
2,268535,268.535
3,75708,75.708
4,90147,90.147
5,73502,73.502
6,82576,82.576
7,92395,92.395
8,134797,134.797
9,93667,93.667
10,77969,77.969
11,80954,80.954
12,204855,204.855
13,49450,49.45
14,64722,64.722
15,59414,59.414
16,79863,79.863
17,67456,67.456
18,395698,395.698
19,64236,64.236
20,59509,59.509
21,66420,66.42
22,69616,69.616
23,63897,63.897
24,64094,64.094
25,57209,57.209
26,77502,77.502
27,79298,79.298
28,201403,201.403
29,87921,87.921
30,67062,67.062
31,74646,74.646
32,77050,77.05
33,71412,71.412
34,59559,59.559
35,44906,44.906
36,51365,51.365
37,51212,51.212
38,43794,43.794
39,47145,47.145
40,41908,41.908
41,61756,61.756
42,199089,199.089
43,67952,67.952
44,73331,73.331
45,68349,68.349
46,62573,62.573
47,122230,122.23
48,164397,164.397
49,52199,52.199
50,46630,46.63
51,60432,60.432
52,78637,78.637
53,53615,53.615
54,50451,50.451
55,55719,55.719
56,60899,60.899
57,70374,70.374
58,47508,47.508
59,51490,51.49
60,48320,48.32
61,60976,60.976
62,63521,63.521
63,81129,81.129
64,307896,307.896
65,43164,43.164
66,51668,51.668
67,78228,78.228
68,53046,53.046
69,53097,53.097
70,50680,50.68
71,50403,50.403
72,61008,61.008
73,43484,43.484
74,149276,149.276
75,40431,40.431
76,51484,51.484
77,48944,48.944
78,42796,42.796
79,51634,51.634
80,42518,42.518
81,53800,53.8
82,54635,54.635
83,48026,48.026
84,153406,153.406
85,40884,40.884
86,46950,46.95
87,51571,51.571
88,45587,45.587
89,47795,47.795
90,50037,50.037
91,67240,67.24
92,109366,109.366
93,46852,46.852
94,48592,48.592
95,42274,42.274
96,53016,53.016
97,49438,49.438
98,44922,44.922
99,46386,46.386
100,46271,46.271
101,66566,66.566
102,74241,74.241
103,50159,50.159
104,57444,57.444
105,63011,63.011
106,289228,289.228
107,59548,59.548
108,52872,52.872
109,52881,52.881
110,48907,48.907
111,62997,62.997
112,64964,64.964
113,48337,48.337
114,54445,54.445
115,46530,46.53
116,73671,73.671
117,71792,71.792
118,181753,181.753
119,72960,72.96
120,173471,173.471
121,70581,70.581
122,65582,65.582
123,78042,78.042
124,65377,65.377
125,54756,54.756
126,87774,87.774
127,65496,65.496
128,66689,66.689
129,63230,63.23
130,53352,53.352
131,57128,57.128
132,52590,52.59
133,44580,44.58
134,50655,50.655
135,46133,46.133
136,53163,53.163
137,51377,51.377
138,46759,46.759
139,45167,45.167
140,44461,44.461
141,100591,100.591
142,69253,69.253
143,63512,63.512
144,59612,59.612
145,48716,48.716
146,52113,52.113
147,54655,54.655
148,52335,52.335
149,46621,46.621
150,42822,42.822
151,119381,119.381
152,68674,68.674
153,53718,53.718
154,49027,49.027
155,60157,60.157
156,54036,54.036
157,105867,105.867
158,46100,46.1
159,48209,48.209
160,42580,42.58
161,156113,156.113
162,148900,148.9
163,42649,42.649
164,155519,155.519
165,41536,41.536
166,61273,61.273
167,80706,80.706
168,71388,71.388
169,68796,68.796
170,55276,55.276
171,50843,50.843
172,48618,48.618
173,45936,45.936
174,46259,46.259
175,44023,44.023
176,83522,83.522
177,49152,49.152
178,43546,43.546
179,50493,50.493
180,48935,48.935
181,48112,48.112
182,62018,62.018
183,42573,42.573
184,49175,49.175
185,45472,45.472
186,51329,51.329
187,68492,68.492
188,42529,42.529
189,44682,44.682
190,53188,53.188
191,71703,71.703
192,78441,78.441
193,187011,187.011
194,54804,54.804
195,41929,41.929
196,155653,155.653
197,85070,85.07
198,89644,89.644
199,74177,74.177
200,157119,157.119
201,76916,76.916
202,92801,92.801
203,69849,69.849
204,66356,66.356
205,61334,61.334
206,69900,69.9
207,77356,77.356
208,202484,202.484
209,52829,52.829
210,48627,48.627
211,62707,62.707
212,65029,65.029
213,54610,54.61
214,56564,56.564
215,50080,50.08
216,68555,68.555
217,78884,78.884
218,91705,91.705
219,86619,86.619
220,73756,73.756
221,71630,71.63
222,96935,96.935
223,65030,65.03
224,67216,67.216
225,56367,56.367
226,64755,64.755
227,68296,68.296
228,321081,321.081
229,72031,72.031
230,53589,53.589
231,54101,54.101
232,55070,55.07
233,43307,43.307
234,49243,49.243
235,45984,45.984
236,48407,48.407
237,51759,51.759
238,47123,47.123
239,52179,52.179
240,45795,45.795
241,50420,50.42
242,84989,84.989
243,87003,87.003
244,63426,63.426
245,60345,60.345
246,169177,169.177
247,57235,57.235
248,55180,55.18
249,48119,48.119
250,47018,47.018
251,52904,52.904
252,51448,51.448
253,59515,59.515
254,78362,78.362
255,49234,49.234
256,57464,57.464
257,57860,57.86
258,48118,48.118
259,46737,46.737
260,47717,47.717
261,51297,51.297
262,54953,54.953
263,48506,48.506
264,103034,103.034
265,43858,43.858
266,59388,59.388
267,51491,51.491
268,43024,43.024
269,58288,58.288
270,77735,77.735
271,73105,73.105
272,61078,61.078
273,54966,54.966
274,55517,55.517
275,51782,51.782
276,51810,51.81
277,51459,51.459
278,53178,53.178
279,54261,54.261
280,47266,47.266
281,54039,54.039
282,52633,52.633
283,47127,47.127
284,56021,56.021
285,45889,45.889
286,52002,52.002
287,53829,53.829
288,40188,40.188
289,47456,47.456
290,41626,41.626
291,60379,60.379
292,50309,50.309
293,45278,45.278
294,47413,47.413
295,46044,46.044
296,50037,50.037
297,47495,47.495
298,47160,47.16
299,61789,61.789
300,47622,47.622
301,69509,69.509
302,397012,397.012
303,55665,55.665
304,62585,62.585
305,54244,54.244
306,69917,69.917
307,71867,71.867
308,62124,62.124
309,52055,52.055
310,64995,64.995
311,54827,54.827
312,53005,53.005
313,60558,60.558
314,67089,67.089
315,51657,51.657
316,67282,67.282
317,126211,126.211
318,84811,84.811
319,74774,74.774
320,61872,61.872
321,79371,79.371
322,213928,213.928
323,69956,69.956
324,65894,65.894
325,58699,58.699
326,72987,72.987
327,75247,75.247
328,77716,77.716
329,67702,67.702
330,56520,56.52
331,54246,54.246
332,55476,55.476
333,49606,49.606
334,58245,58.245
335,41681,41.681
336,47589,47.589
337,47933,47.933
338,45127,45.127
339,46913,46.913
340,39973,39.973
341,45260,45.26
342,82881,82.881
343,78476,78.476
344,59474,59.474
345,57586,57.586
346,60152,60.152
347,54792,54.792
348,64806,64.806
349,52535,52.535
350,53538,53.538
351,53723,53.723
352,48906,48.906
353,56750,56.75
354,60594,60.594
355,53841,53.841
356,59901,59.901
357,50089,50.089
358,48568,48.568
359,51821,51.821
360,46664,46.664
361,49978,49.978
362,52734,52.734
363,47365,47.365
364,54171,54.171
365,40368,40.368
366,47225,47.225
367,61549,61.549
368,72561,72.561
369,75065,75.065
370,50016,50.016
371,53872,53.872
372,130692,130.692
373,61966,61.966
374,57586,57.586
375,50714,50.714
376,56277,56.277
377,47841,47.841
378,54715,54.715
379,54246,54.246
380,164075,164.075
381,111635,111.635
382,58971,58.971
383,51190,51.19
384,151108,151.108
385,43475,43.475
386,150648,150.648
387,45517,45.517
388,55741,55.741
389,44863,44.863
390,41493,41.493
391,51583,51.583
392,73217,73.217
393,50091,50.091
394,48495,48.495
395,40031,40.031
396,46368,46.368
397,46320,46.32
398,224680,224.68
399,48929,48.929
400,44227,44.227
401,65374,65.374
402,69327,69.327
403,61677,61.677
404,112665,112.665
405,67510,67.51
406,88389,88.389
407,68068,68.068
408,76220,76.22
409,60790,60.79
410,67026,67.026
411,56211,56.211
412,314349,314.349
413,52028,52.028
414,425060,425.06
415,50202,50.202
416,77151,77.151
417,63267,63.267
418,67670,67.67
419,74894,74.894
420,183708,183.708
421,71627,71.627
422,58624,58.624
423,81248,81.248
424,83234,83.234
425,54326,54.326
426,73263,73.263
427,59102,59.102
428,77168,77.168
429,66656,66.656
430,54360,54.36
431,59765,59.765
432,83779,83.779
433,58229,58.229
434,50998,50.998
435,44557,44.557
436,56589,56.589
437,56189,56.189
438,71484,71.484
439,73496,73.496
440,58097,58.097
441,63282,63.282
442,160071,160.071
443,73052,73.052
444,63202,63.202
445,57108,57.108
446,160408,160.408
447,51402,51.402
448,60263,60.263
449,69154,69.154
450,60158,60.158
451,53077,53.077
452,45789,45.789
453,48697,48.697
454,61628,61.628
455,55391,55.391
456,82275,82.275
457,75877,75.877
458,188418,188.418
459,48883,48.883
460,152309,152.309
461,53074,53.074
462,56835,56.835
463,59859,59.859
464,55155,55.155
465,43168,43.168
466,46089,46.089
467,42484,42.484
468,47977,47.977
469,59986,59.986
470,53178,53.178
471,94149,94.149
472,82725,82.725
473,62854,62.854
474,73958,73.958
475,66076,66.076
476,56772,56.772
477,57874,57.874
478,55396,55.396
479,50522,50.522
480,52162,52.162
481,75181,75.181
482,62380,62.38
483,55399,55.399
484,56077,56.077
485,44165,44.165
486,53012,53.012
487,89776,89.776
488,49382,49.382
489,50383,50.383
490,48447,48.447
491,52196,52.196
492,57010,57.01
493,49164,49.164
494,49061,49.061
495,47715,47.715
496,53383,53.383
497,48720,48.72
498,45932,45.932
499,57827,57.827
500,48414,48.414
501,66754,66.754
502,210193,210.193
503,70532,70.532
504,58159,58.159
505,73735,73.735
506,66435,66.435
507,57681,57.681
508,95547,95.547
509,86928,86.928
510,44740,44.74
511,58108,58.108
512,54814,54.814
513,93349,93.349
514,62060,62.06
515,53649,53.649
516,66885,66.885
517,67273,67.273
518,172381,172.381
519,80669,80.669
520,175664,175.664
521,65803,65.803
522,61634,61.634
523,66485,66.485
524,80576,80.576
525,81155,81.155
526,73560,73.56
527,60108,60.108
528,75077,75.077
529,60422,60.422
530,54877,54.877
531,51780,51.78
532,50161,50.161
533,52557,52.557
534,53723,53.723
535,48213,48.213
536,49966,49.966
537,44882,44.882
538,50512,50.512
539,49125,49.125
540,44054,44.054
541,49388,49.388
542,65506,65.506
543,99202,99.202
544,102629,102.629
545,56941,56.941
546,58233,58.233
547,54180,54.18
548,49422,49.422
549,49339,49.339
550,48090,48.09
551,57375,57.375
552,46676,46.676
553,48279,48.279
554,83438,83.438
555,66711,66.711
556,89510,89.51
557,57131,57.131
558,75830,75.83
559,56181,56.181
560,55214,55.214
561,52682,52.682
562,47061,47.061
563,52089,52.089
564,51138,51.138
565,45921,45.921
566,56737,56.737
567,60878,60.878
568,51866,51.866
569,51683,51.683
570,47873,47.873
571,51552,51.552
572,151449,151.449
573,52693,52.693
574,220533,220.533
575,60648,60.648
576,70734,70.734
577,62058,62.058
578,64156,64.156
579,61672,61.672
580,47829,47.829
581,51712,51.712
582,56272,56.272
583,48385,48.385
584,59515,59.515
585,51626,51.626
586,69067,69.067
587,54616,54.616
588,47952,47.952
589,48025,48.025
590,40975,40.975
591,45678,45.678
592,58514,58.514
593,49177,49.177
594,50627,50.627
595,45982,45.982
596,50994,50.994
597,43256,43.256
598,45542,45.542
599,45578,45.578
600,45095,45.095
601,64589,64.589
602,70079,70.079
603,67246,67.246
604,66969,66.969
605,61868,61.868
606,63274,63.274
607,64365,64.365
608,69027,69.027
609,47993,47.993
610,47475,47.475
611,66873,66.873
612,67084,67.084
613,62063,62.063
614,65295,65.295
615,49817,49.817
616,66773,66.773
617,61762,61.762
618,80888,80.888
619,77886,77.886
620,248434,248.434
621,65358,65.358
622,62518,62.518
623,78122,78.122
624,71249,71.249
625,62447,62.447
626,88693,88.693
627,95636,95.636
628,79343,79.343
629,67701,67.701
630,164048,164.048
631,49886,49.886
632,44961,44.961
633,49501,49.501
634,57135,57.135
635,46966,46.966
636,60238,60.238
637,43194,43.194
638,48524,48.524
639,49499,49.499
640,42919,42.919
641,58950,58.95
642,48019,48.019
643,85030,85.03
644,65834,65.834
645,57018,57.018
646,57174,57.174
647,40992,40.992
648,49336,49.336
649,48393,48.393
650,155741,155.741
651,48422,48.422
652,45974,45.974
653,49343,49.343
654,46580,46.58
655,58399,58.399
656,164932,164.932
657,59086,59.086
658,53862,53.862
659,58446,58.446
660,52828,52.828
661,57916,57.916
662,50126,50.126
663,55710,55.71
664,51040,51.04
665,45143,45.143
666,46884,46.884
667,44851,44.851
668,49094,49.094
669,52759,52.759
670,1282738,1282.738
671,66257,66.257
672,52643,52.643
673,54927,54.927
674,52318,52.318
675,42941,42.941
676,123638,123.638
677,75646,75.646
678,69283,69.283
679,72117,72.117
680,55493,55.493
681,67542,67.542
682,52093,52.093
683,53926,53.926
684,586398,586.398
685,42931,42.931
686,47541,47.541
687,41985,41.985
688,51945,51.945
689,45757,45.757
690,46769,46.769
691,50145,50.145
692,46279,46.279
693,49332,49.332
694,49948,49.948
695,43861,43.861
696,47005,47.005
697,43569,43.569
698,44957,44.957
699,48984,48.984
700,52446,52.446
701,65131,65.131
702,55941,55.941
703,140648,140.648
704,168469,168.469
705,65183,65.183
706,188413,188.413
707,56895,56.895
708,71446,71.446
709,56814,56.814
710,53639,53.639
711,55950,55.95
712,166141,166.141
713,62793,62.793
714,57864,57.864
715,50752,50.752
716,87274,87.274
717,63616,63.616
718,175115,175.115
719,62585,62.585
720,78607,78.607
721,75554,75.554
722,196276,196.276
723,81782,81.782
724,77132,77.132
725,82814,82.814
726,66315,66.315
727,51137,51.137
728,81004,81.004
729,70877,70.877
730,65070,65.07
731,48758,48.758
732,51657,51.657
733,48899,48.899
734,50338,50.338
735,44965,44.965
736,50798,50.798
737,50158,50.158
738,55365,55.365
739,49933,49.933
740,46791,46.791
741,55338,55.338
742,46351,46.351
743,79137,79.137
744,58441,58.441
745,57022,57.022
746,52333,52.333
747,42527,42.527
748,52258,52.258
749,50171,50.171
750,45578,45.578
751,47357,47.357
752,97478,97.478
753,53374,53.374
754,51075,51.075
755,53082,53.082
756,57599,57.599
757,51190,51.19
758,68320,68.32
759,49012,49.012
760,44628,44.628
761,43887,43.887
762,41264,41.264
763,64060,64.06
764,66498,66.498
765,104682,104.682
766,47986,47.986
767,41908,41.908
768,52388,52.388
769,51486,51.486
770,44763,44.763
771,49873,49.873
772,40654,40.654
773,44775,44.775
774,44606,44.606
775,52279,52.279
776,73065,73.065
777,58913,58.913
778,526584,526.584
779,75850,75.85
780,66548,66.548
781,58813,58.813
782,162758,162.758
783,47425,47.425
784,49858,49.858
785,42229,42.229
786,47450,47.45
787,47968,47.968
788,52223,52.223
789,48884,48.884
790,43603,43.603
791,47715,47.715
792,48490,48.49
793,49485,49.485
794,49446,49.446
795,43380,43.38
796,210468,210.468
797,44173,44.173
798,168409,168.409
799,69065,69.065
800,79767,79.767
801,65928,65.928
802,64296,64.296
803,70974,70.974
804,68235,68.235
805,60554,60.554
806,69808,69.808
807,48229,48.229
808,64125,64.125
809,54821,54.821
810,165617,165.617
811,55492,55.492
812,52802,52.802
813,62969,62.969
814,58016,58.016
815,58066,58.066
816,84138,84.138
817,63149,63.149
818,409829,409.829
819,99258,99.258
820,291155,291.155
821,70195,70.195
822,76646,76.646
823,85727,85.727
824,67805,67.805
825,56028,56.028
826,81057,81.057
827,85982,85.982
828,75308,75.308
829,59859,59.859
830,78199,78.199
831,64428,64.428
832,57842,57.842
833,55334,55.334
834,166578,166.578
835,42603,42.603
836,49958,49.958
837,50507,50.507
838,47236,47.236
839,66274,66.274
840,144743,144.743
841,64220,64.22
842,49337,49.337
843,82123,82.123
844,61788,61.788
845,55661,55.661
846,92490,92.49
847,48956,48.956
848,164821,164.821
849,48531,48.531
850,46055,46.055
851,44205,44.205
852,42763,42.763
853,56705,56.705
854,51413,51.413
855,52425,52.425
856,64768,64.768
857,53838,53.838
858,46349,46.349
859,56968,56.968
860,46958,46.958
861,47862,47.862
862,142374,142.374
863,51050,51.05
864,56027,56.027
865,49651,49.651
866,49430,49.43
867,41814,41.814
868,54495,54.495
869,51332,51.332
870,46850,46.85
871,58033,58.033
872,185648,185.648
873,85976,85.976
874,80426,80.426
875,56216,56.216
876,59198,59.198
877,51218,51.218
878,64164,64.164
879,52963,52.963
880,45919,45.919
881,75843,75.843
882,55726,55.726
883,55946,55.946
884,56432,56.432
885,62398,62.398
886,54890,54.89
887,69102,69.102
888,85901,85.901
889,76157,76.157
890,73585,73.585
891,102846,102.846
892,261312,261.312
893,90097,90.097
894,76104,76.104
895,76781,76.781
896,85372,85.372
897,80464,80.464
898,87275,87.275
899,87585,87.585
900,231654,231.654
901,88952,88.952
902,74971,74.971
903,90950,90.95
904,85210,85.21
905,83626,83.626
906,121571,121.571
907,63829,63.829
908,100623,100.623
909,78288,78.288
910,178240,178.24
911,77472,77.472
912,73379,73.379
913,81162,81.162
914,256341,256.341
915,72575,72.575
916,91952,91.952
917,73146,73.146
918,89992,89.992
919,132129,132.129
920,76954,76.954
921,90736,90.736
922,74747,74.747
923,93574,93.574
924,88490,88.49
925,78120,78.12
926,87769,87.769
927,80224,80.224
928,89766,89.766
929,76935,76.935
930,73736,73.736
931,145466,145.466
932,78631,78.631
933,96152,96.152
934,184489,184.489
935,71551,71.551
936,75710,75.71
937,81401,81.401
938,67875,67.875
939,74368,74.368
940,67061,67.061
941,66721,66.721
942,54642,54.642
943,75320,75.32
944,66717,66.717
945,68123,68.123
946,74365,74.365
947,74143,74.143
948,118627,118.627
949,63329,63.329
950,70889,70.889
951,66688,66.688
952,69570,69.57
953,82965,82.965
954,66768,66.768
955,80727,80.727
956,65563,65.563
957,69209,69.209
958,71918,71.918
959,74829,74.829
960,169089,169.089
961,88207,88.207
962,83046,83.046
963,75316,75.316
964,61122,61.122
965,67046,67.046
966,77022,77.022
967,63196,63.196
968,70327,70.327
969,66295,66.295
970,63388,63.388
971,52199,52.199
972,52691,52.691
973,82242,82.242
974,64327,64.327
975,49215,49.215
976,52640,52.64
977,42706,42.706
978,50695,50.695
979,49862,49.862
980,41622,41.622
981,46832,46.832
982,71214,71.214
983,85584,85.584
984,167473,167.473
985,55045,55.045
986,53552,53.552
987,55150,55.15
988,65453,65.453
989,55885,55.885
990,151468,151.468
991,49031,49.031
992,201618,201.618
993,51682,51.682
994,182857,182.857
995,42100,42.1
996,48588,48.588
997,54776,54.776
998,46716,46.716
999,47206,47.206
1000,48432,48.432
1001,136063,136.063
1002,90536,90.536
1003,68898,68.898
1004,67981,67.981
1005,73614,73.614
1006,89833,89.833
1007,74280,74.28
1008,71669,71.669
1009,73348,73.348
1010,91193,91.193
1011,235280,235.28
1012,94516,94.516
1013,81203,81.203
1014,185625,185.625
1015,70864,70.864
1016,98125,98.125
1017,69636,69.636
1018,69629,69.629
1019,72926,72.926
1020,82530,82.53
1021,75422,75.422
1022,85844,85.844
1023,67065,67.065
1024,68222,68.222
1025,71943,71.943
1026,88780,88.78
1027,80648,80.648
1028,70771,70.771
1029,60081,60.081
1030,72464,72.464
1031,63252,63.252
1032,89100,89.1
1033,70705,70.705
1034,68103,68.103
1035,72936,72.936
1036,53259,53.259
1037,61205,61.205
1038,61078,61.078
1039,57126,57.126
1040,268538,268.538
1041,49740,49.74
1042,64256,64.256
1043,57115,57.115
1044,55816,55.816
1045,59056,59.056
1046,108487,108.487
1047,78815,78.815
1048,65960,65.96
1049,58758,58.758
1050,65713,65.713
1051,57366,57.366
1052,66507,66.507
1053,55648,55.648
1054,63674,63.674
1055,63476,63.476
1056,63759,63.759
1057,62744,62.744
1058,65744,65.744
1059,54224,54.224
1060,81203,81.203
1061,83043,83.043
1062,57497,57.497
1063,62649,62.649
1064,105125,105.125
1065,63861,63.861
1066,93132,93.132
1067,63207,63.207
1068,65723,65.723
1069,54225,54.225
1070,64477,64.477
1071,50473,50.473
1072,60770,60.77
1073,81456,81.456
1074,57692,57.692
1075,86505,86.505
1076,77288,77.288
1077,62935,62.935
1078,75792,75.792
1079,65205,65.205
1080,82890,82.89
1081,78251,78.251
1082,82714,82.714
1083,77500,77.5
1084,227905,227.905
1085,62832,62.832
1086,68458,68.458
1087,71815,71.815
1088,61325,61.325
1089,55823,55.823
1090,64265,64.265
1091,62010,62.01
1092,82066,82.066
1093,61349,61.349
1094,83920,83.92
1095,63735,63.735
1096,81489,81.489
1097,66849,66.849
1098,70204,70.204
1099,61592,61.592
1100,75815,75.815
1101,63068,63.068
1102,72852,72.852
1103,58138,58.138
1104,77688,77.688
1105,75029,75.029
1106,78379,78.379
1107,73130,73.13
1108,64487,64.487
1109,62533,62.533
1110,274551,274.551
1111,101585,101.585
1112,81794,81.794
1113,63144,63.144
1114,65198,65.198
1115,66786,66.786
1116,73592,73.592
1117,126574,126.574
1118,75873,75.873
1119,65594,65.594
1120,73829,73.829
1121,54627,54.627
1122,92175,92.175
1123,78020,78.02
1124,67411,67.411
1125,99083,99.083
1126,368659,368.659
1127,101320,101.32
1128,69897,69.897
1129,64521,64.521
1130,125068,125.068
1131,58927,58.927
1132,90465,90.465
1133,78894,78.894
1134,75474,75.474
1135,90640,90.64
1136,102178,102.178
1137,63280,63.28
1138,58158,58.158
1139,59278,59.278
1140,61503,61.503
1141,58409,58.409
1142,61907,61.907
1143,55825,55.825
1144,73677,73.677
1145,63193,63.193
1146,54863,54.863
1147,77582,77.582
1148,67860,67.86
1149,62014,62.014
1150,239783,239.783
1151,61067,61.067
1152,65477,65.477
1153,58104,58.104
1154,56923,56.923
1155,64786,64.786
1156,65209,65.209
1157,63971,63.971
1158,114870,114.87
1159,60618,60.618
1160,77165,77.165
1161,117087,117.087
1162,218307,218.307
1163,64524,64.524
1164,67235,67.235
1165,65935,65.935
1166,116139,116.139
1167,61414,61.414
1168,58845,58.845
1169,59117,59.117
1170,60611,60.611
1171,59243,59.243
1172,70805,70.805
1173,59139,59.139
1174,214363,214.363
1175,62221,62.221
1176,48505,48.505
1177,67848,67.848
1178,62061,62.061
1179,53042,53.042
1180,225370,225.37
1181,48850,48.85
1182,58396,58.396
1183,59274,59.274
1184,109138,109.138
1185,75682,75.682
1186,70571,70.571
1187,76404,76.404
1188,71697,71.697
1189,61917,61.917
1190,69934,69.934
1191,56559,56.559
1192,67709,67.709
1193,65071,65.071
1194,78478,78.478
1195,61542,61.542
1196,49266,49.266
1197,71759,71.759
1198,72120,72.12
1199,59226,59.226
1200,72012,72.012
1201,64859,64.859
1202,69755,69.755
1203,60329,60.329
1204,57777,57.777
1205,83071,83.071
1206,155848,155.848
1207,69513,69.513
1208,86664,86.664
1209,67894,67.894
1210,243026,243.026
1211,106029,106.029
1212,71524,71.524
1213,63404,63.404
1214,57148,57.148
1215,76055,76.055
1216,55754,55.754
1217,77177,77.177
1218,63927,63.927
1219,59978,59.978
1220,76031,76.031
1221,57343,57.343
1222,86057,86.057
1223,66088,66.088
1224,79814,79.814
1225,76756,76.756
1226,141077,141.077
1227,94733,94.733
1228,90315,90.315
1229,66522,66.522
1230,75687,75.687
1231,121890,121.89
1232,87139,87.139
1233,69931,69.931
1234,79519,79.519
1235,87505,87.505
1236,79811,79.811
1237,57381,57.381
1238,59601,59.601
1239,51569,51.569
1240,60603,60.603
1241,56498,56.498
1242,58698,58.698
1243,55418,55.418
1244,56529,56.529
1245,99921,99.921
1246,63136,63.136
1247,80018,80.018
1248,73046,73.046
1249,60496,60.496
1250,71030,71.03
1251,67533,67.533
1252,68093,68.093
1253,62317,62.317
1254,56747,56.747
1255,64185,64.185
1256,60031,60.031
1257,66663,66.663
1258,70890,70.89
1259,71545,71.545
1260,88496,88.496
1261,68741,68.741
1262,72292,72.292
1263,69599,69.599
1264,76100,76.1
1265,67940,67.94
1266,63052,63.052
1267,65699,65.699
1268,66358,66.358
1269,52305,52.305
1270,111926,111.926
1271,53505,53.505
1272,82366,82.366
1273,61128,61.128
1274,56909,56.909
1275,59239,59.239
1276,52476,52.476
1277,63976,63.976
1278,61867,61.867
1279,55454,55.454
1280,64762,64.762
1281,53598,53.598
1282,80283,80.283
1283,85110,85.11
1284,62074,62.074
1285,116440,116.44
1286,73485,73.485
1287,72891,72.891
1288,67055,67.055
1289,73767,73.767
1290,69361,69.361
1291,62073,62.073
1292,72913,72.913
1293,74043,74.043
1294,64237,64.237
1295,64838,64.838
1296,59831,59.831
1297,82938,82.938
1298,66213,66.213
1299,66515,66.515
1300,84366,84.366
1301,64210,64.21
1302,65709,65.709
1303,60631,60.631
1304,218077,218.077
1305,75568,75.568
1306,64366,64.366
1307,72842,72.842
1308,69476,69.476
1309,75385,75.385
1310,76820,76.82
1311,82920,82.92
1312,86303,86.303
1313,71133,71.133
1314,219379,219.379
1315,70930,70.93
1316,64748,64.748
1317,80649,80.649
1318,69440,69.44
1319,53589,53.589
1320,70203,70.203
1321,77733,77.733
1322,83829,83.829
1323,68243,68.243
1324,71378,71.378
1325,71723,71.723
1326,75229,75.229
1327,86696,86.696
1328,77751,77.751
1329,64107,64.107
1330,79665,79.665
1331,71960,71.96
1332,84927,84.927
1333,80254,80.254
1334,68590,68.59
1335,92574,92.574
1336,104876,104.876
1337,76040,76.04
1338,73414,73.414
1339,57778,57.778
1340,67362,67.362
1341,59776,59.776
1342,63443,63.443
1343,60847,60.847
1344,53403,53.403
1345,58957,58.957
1346,61650,61.65
1347,78635,78.635
1348,70731,70.731
1349,68563,68.563
1350,68200,68.2
1351,67333,67.333
1352,68713,68.713
1353,68961,68.961
1354,114269,114.269
1355,59805,59.805
1356,56381,56.381
1357,62082,62.082
1358,56226,56.226
1359,92801,92.801
1360,80999,80.999
1361,56394,56.394
1362,244844,244.844
1363,60617,60.617
1364,71639,71.639
1365,64256,64.256
1366,58293,58.293
1367,65803,65.803
1368,61834,61.834
1369,86549,86.549
1370,59556,59.556
1371,52362,52.362
1372,66666,66.666
1373,60900,60.9
1374,60379,60.379
1375,59814,59.814
1376,63250,63.25
1377,66695,66.695
1378,59768,59.768
1379,62001,62.001
1380,59398,59.398
1381,60299,60.299
1382,235704,235.704
1383,67869,67.869
1384,64923,64.923
1385,62124,62.124
1386,61296,61.296
1387,75267,75.267
1388,82895,82.895
1389,49871,49.871
1390,52133,52.133
1391,54254,54.254
1392,108723,108.723
1393,50364,50.364
1394,50476,50.476
1395,49308,49.308
1396,39730,39.73
1397,54690,54.69
1398,50563,50.563
1399,49722,49.722
1400,52383,52.383
1401,53716,53.716
1402,60099,60.099
1403,53893,53.893
1404,47466,47.466
1405,64425,64.425
1406,51984,51.984
1407,61952,61.952
1408,60752,60.752
1409,59024,59.024
1410,71012,71.012
1411,78587,78.587
1412,75020,75.02
1413,51296,51.296
1414,45885,45.885
1415,55076,55.076
1416,48844,48.844
1417,70594,70.594
1418,63733,63.733
1419,54588,54.588
1420,68356,68.356
1421,60088,60.088
1422,81984,81.984
1423,52217,52.217
1424,45944,45.944
1425,49742,49.742
1426,43372,43.372
1427,65249,65.249
1428,66617,66.617
1429,73375,73.375
1430,67547,67.547
1431,47790,47.79
1432,68027,68.027
1433,64336,64.336
1434,47549,47.549
1435,59083,59.083
1436,51109,51.109
1437,71015,71.015
1438,72506,72.506
1439,51858,51.858
1440,50422,50.422
1441,38501,38.501
1442,48764,48.764
1443,46416,46.416
1444,41029,41.029
1445,49454,49.454
1446,48141,48.141
1447,74878,74.878
1448,56098,56.098
1449,43316,43.316
1450,52790,52.79
1451,40818,40.818
1452,52034,52.034
1453,44348,44.348
1454,42214,42.214
1455,45190,45.19
1456,38822,38.822
1457,52563,52.563
1458,44187,44.187
1459,51422,51.422
1460,70639,70.639
1461,45108,45.108
1462,52863,52.863
1463,59691,59.691
1464,55223,55.223
1465,49065,49.065
1466,40486,40.486
1467,49012,49.012
1468,58245,58.245
1469,40855,40.855
1470,46880,46.88
1471,41559,41.559
1472,56614,56.614
1473,50416,50.416
1474,48391,48.391
1475,45396,45.396
1476,203899,203.899
1477,44568,44.568
1478,59356,59.356
1479,39364,39.364
1480,56841,56.841
1481,41400,41.4
1482,51123,51.123
1483,68253,68.253
1484,52553,52.553
1485,49141,49.141
1486,47458,47.458
1487,49419,49.419
1488,69119,69.119
1489,63732,63.732
1490,58384,58.384
1491,47703,47.703
1492,51699,51.699
1493,49281,49.281
1494,47640,47.64
1495,49703,49.703
1496,44427,44.427
1497,52373,52.373
1498,52135,52.135
1499,47393,47.393
1500,51515,51.515
1501,44777,44.777
1502,54893,54.893
1503,51503,51.503
1504,49385,49.385
1505,62268,62.268
1506,53324,53.324
1507,71508,71.508
1508,66214,66.214
1509,56112,56.112
1510,62495,62.495
1511,55710,55.71
1512,74186,74.186
1513,58496,58.496
1514,41765,41.765
1515,62864,62.864
1516,46987,46.987
1517,62515,62.515
1518,105643,105.643
1519,49850,49.85
1520,67023,67.023
1521,50921,50.921
1522,75287,75.287
1523,74604,74.604
1524,63131,63.131
1525,65546,65.546
1526,52681,52.681
1527,86457,86.457
1528,68944,68.944
1529,62061,62.061
1530,67162,67.162
1531,55242,55.242
1532,76071,76.071
1533,64245,64.245
1534,51238,51.238
1535,50132,50.132
1536,54774,54.774
1537,51188,51.188
1538,52392,52.392
1539,74733,74.733
1540,68793,68.793
1541,51344,51.344
1542,48907,48.907
1543,44800,44.8
1544,54506,54.506
1545,53527,53.527
1546,47346,47.346
1547,76596,76.596
1548,62759,62.759
1549,48704,48.704
1550,59622,59.622
1551,41919,41.919
1552,48297,48.297
1553,48525,48.525
1554,41050,41.05
1555,52226,52.226
1556,40323,40.323
1557,53747,53.747
1558,63935,63.935
1559,48514,48.514
1560,60124,60.124
1561,49418,49.418
1562,51309,51.309
1563,47281,47.281
1564,53514,53.514
1565,47366,47.366
1566,43566,43.566
1567,49791,49.791
1568,61225,61.225
1569,38586,38.586
1570,49576,49.576
1571,39498,39.498
1572,45187,45.187
1573,46714,46.714
1574,48493,48.493
1575,46494,46.494
1576,41665,41.665
1577,50433,50.433
1578,47550,47.55
1579,42159,42.159
1580,46643,46.643
1581,40288,40.288
1582,62504,62.504
1583,52292,52.292
1584,60349,60.349
1585,52906,52.906
1586,47639,47.639
1587,48900,48.9
1588,57520,57.52
1589,40774,40.774
1590,82020,82.02
1591,61160,61.16
1592,62819,62.819
1593,50671,50.671
1594,49724,49.724
1595,47546,47.546
1596,222664,222.664
1597,52809,52.809
1598,53959,53.959
1599,53545,53.545
1600,53392,53.392
1601,44456,44.456
1602,49700,49.7
1603,48196,48.196
1604,44784,44.784
1605,61921,61.921
1606,51162,51.162
1607,121274,121.274
1608,59305,59.305
1609,55459,55.459
1610,82860,82.86
1611,63350,63.35
1612,77440,77.44
1613,62897,62.897
1614,45869,45.869
1615,54774,54.774
1616,57883,57.883
1617,68434,68.434
1618,57315,57.315
1619,50788,50.788
1620,64396,64.396
1621,50827,50.827
1622,74572,74.572
1623,65943,65.943
1624,46734,46.734
1625,65389,65.389
1626,55988,55.988
1627,64943,64.943
1628,67126,67.126
1629,45493,45.493
1630,67776,67.776
1631,50191,50.191
1632,65822,65.822
1633,78623,78.623
1634,49566,49.566
1635,54335,54.335
1636,45609,45.609
1637,53458,53.458
1638,56523,56.523
1639,46548,46.548
1640,45869,45.869
1641,71129,71.129
1642,83394,83.394
1643,104464,104.464
1644,48391,48.391
1645,49022,49.022
1646,46192,46.192
1647,72138,72.138
1648,58780,58.78
1649,64460,64.46
1650,54651,54.651
1651,47259,47.259
1652,47495,47.495
1653,56612,56.612
1654,54687,54.687
1655,47491,47.491
1656,38803,38.803
1657,45905,45.905
1658,52176,52.176
1659,48549,48.549
1660,60480,60.48
1661,54968,54.968
1662,49020,49.02
1663,55911,55.911
1664,54016,54.016
1665,52921,52.921
1666,60715,60.715
1667,47766,47.766
1668,64613,64.613
1669,43861,43.861
1670,45528,45.528
1671,51221,51.221
1672,45862,45.862
1673,55825,55.825
1674,39984,39.984
1675,47954,47.954
1676,39444,39.444
1677,45649,45.649
1678,46178,46.178
1679,48918,48.918
1680,62239,62.239
1681,41200,41.2
1682,47094,47.094
1683,64838,64.838
1684,44965,44.965
1685,76729,76.729
1686,50483,50.483
1687,52880,52.88
1688,47306,47.306
1689,48164,48.164
1690,46151,46.151
1691,44417,44.417
1692,74027,74.027
1693,119234,119.234
1694,51055,51.055
1695,60600,60.6
1696,42808,42.808
1697,50599,50.599
1698,50832,50.832
1699,55451,55.451
1700,53052,53.052
1701,44717,44.717
1702,49773,49.773
1703,49022,49.022
1704,46658,46.658
1705,60236,60.236
1706,52875,52.875
1707,70757,70.757
1708,60637,60.637
1709,59547,59.547
1710,70254,70.254
1711,62673,62.673
1712,79030,79.03
1713,52460,52.46
1714,51069,51.069
1715,55383,55.383
1716,50905,50.905
1717,116677,116.677
1718,66606,66.606
1719,53498,53.498
1720,72163,72.163
1721,48490,48.49
1722,71670,71.67
1723,54807,54.807
1724,43825,43.825
1725,71782,71.782
1726,47081,47.081
1727,68860,68.86
1728,64524,64.524
1729,50965,50.965
1730,77129,77.129
1731,49988,49.988
1732,82431,82.431
1733,114832,114.832
1734,48873,48.873
1735,57554,57.554
1736,40121,40.121
1737,45492,45.492
1738,43385,43.385
1739,40829,40.829
1740,43196,43.196
1741,51089,51.089
1742,50492,50.492
1743,145104,145.104
1744,49593,49.593
1745,51061,51.061
1746,46345,46.345
1747,72963,72.963
1748,78185,78.185
1749,63027,63.027
1750,57162,57.162
1751,55841,55.841
1752,57922,57.922
1753,66818,66.818
1754,43354,43.354
1755,44179,44.179
1756,40298,40.298
1757,61604,61.604
1758,51655,51.655
1759,53929,53.929
1760,62802,62.802
1761,72279,72.279
1762,70628,70.628
1763,106575,106.575
1764,65358,65.358
1765,52336,52.336
1766,47990,47.99
1767,55402,55.402
1768,47812,47.812
1769,59723,59.723
1770,49531,49.531
1771,44667,44.667
1772,48198,48.198
1773,56957,56.957
1774,61624,61.624
1775,46373,46.373
1776,42328,42.328
1777,47902,47.902
1778,59572,59.572
1779,45579,45.579
1780,51615,51.615
1781,43030,43.03
1782,56673,56.673
1783,106116,106.116
1784,42593,42.593
1785,50324,50.324
1786,48324,48.324
1787,53514,53.514
1788,75714,75.714
1789,49391,49.391
1790,52496,52.496
1791,44738,44.738
1792,59048,59.048
1793,62908,62.908
1794,108859,108.859
1795,56869,56.869
1796,52476,52.476
1797,55191,55.191
1798,58041,58.041
1799,50380,50.38
1800,72883,72.883
1801,52196,52.196
1802,52482,52.482
1803,61778,61.778
1804,42113,42.113
1805,66050,66.05
1806,53569,53.569
1807,88195,88.195
1808,64253,64.253
1809,63564,63.564
1810,62808,62.808
1811,59636,59.636
1812,70241,70.241
1813,63967,63.967
1814,49754,49.754
1815,53777,53.777
1816,50088,50.088
1817,66001,66.001
1818,60500,60.5
1819,51192,51.192
1820,66712,66.712
1821,53419,53.419
1822,68807,68.807
1823,62147,62.147
1824,47949,47.949
1825,63964,63.964
1826,50476,50.476
1827,115950,115.95
1828,63879,63.879
1829,59697,59.697
1830,60933,60.933
1831,53143,53.143
1832,69415,69.415
1833,64814,64.814
1834,49713,49.713
1835,50493,50.493
1836,43753,43.753
1837,49946,49.946
1838,42621,42.621
1839,42329,42.329
1840,50852,50.852
1841,38149,38.149
1842,43278,43.278
1843,113284,113.284
1844,77359,77.359
1845,113510,113.51
1846,59835,59.835
1847,71319,71.319
1848,69521,69.521
1849,53590,53.59
1850,52043,52.043
1851,48770,48.77
1852,51567,51.567
1853,48809,48.809
1854,41973,41.973
1855,49167,49.167
1856,40341,40.341
1857,104314,104.314
1858,47177,47.177
1859,37281,37.281
1860,56932,56.932
1861,48814,48.814
1862,48748,48.748
1863,99773,99.773
1864,59727,59.727
1865,52798,52.798
1866,41007,41.007
1867,48160,48.16
1868,49501,49.501
1869,39412,39.412
1870,44936,44.936
1871,42070,42.07
1872,46564,46.564
1873,47040,47.04
1874,40198,40.198
1875,43744,43.744
1876,37612,37.612
1877,45278,45.278
1878,45551,45.551
1879,44057,44.057
1880,42277,42.277
1881,40679,40.679
1882,49716,49.716
1883,106611,106.611
1884,50730,50.73
1885,49821,49.821
1886,44702,44.702
1887,57377,57.377
1888,49290,49.29
1889,50374,50.374
1890,46841,46.841
1891,44525,44.525
1892,47401,47.401
1893,57278,57.278
1894,54101,54.101
1895,90027,90.027
1896,56798,56.798
1897,54707,54.707
1898,55081,55.081
1899,51142,51.142
1900,323799,323.799
1901,46815,46.815
1902,47236,47.236
1903,48015,48.015
1904,41123,41.123
1905,67322,67.322
1906,57137,57.137
1907,85473,85.473
1908,63738,63.738
1909,69945,69.945
1910,64781,64.781
1911,62017,62.017
1912,95756,95.756
1913,104751,104.751
1914,39161,39.161
1915,54146,54.146
1916,48275,48.275
1917,57190,57.19
1918,80838,80.838
1919,65183,65.183
1920,65546,65.546
1921,52163,52.163
1922,75286,75.286
1923,60441,60.441
1924,49724,49.724
1925,65393,65.393
1926,51283,51.283
1927,65085,65.085
1928,81295,81.295
1929,53672,53.672
1930,63615,63.615
1931,64720,64.72
1932,74092,74.092
1933,61077,61.077
1934,57537,57.537
1935,61119,61.119
1936,46437,46.437
1937,46701,46.701
1938,50406,50.406
1939,45336,45.336
1940,43861,43.861
1941,41745,41.745
1942,47836,47.836
1943,56820,56.82
1944,48592,48.592
1945,49877,49.877
1946,74611,74.611
1947,73715,73.715
1948,60121,60.121
1949,55032,55.032
1950,50869,50.869
1951,49418,49.418
1952,48441,48.441
1953,49903,49.903
1954,45465,45.465
1955,46455,46.455
1956,48819,48.819
1957,50646,50.646
1958,46867,46.867
1959,43191,43.191
1960,58325,58.325
1961,49467,49.467
1962,50101,50.101
1963,49300,49.3
1964,49246,49.246
1965,54612,54.612
1966,49699,49.699
1967,48071,48.071
1968,48997,48.997
1969,40866,40.866
1970,52143,52.143
1971,46923,46.923
1972,78745,78.745
1973,82803,82.803
1974,52449,52.449
1975,49594,49.594
1976,44473,44.473
1977,104830,104.83
1978,46648,46.648
1979,41175,41.175
1980,44809,44.809
1981,40502,40.502
1982,63107,63.107
1983,66704,66.704
1984,58732,58.732
1985,52468,52.468
1986,47649,47.649
1987,48890,48.89
1988,51205,51.205
1989,43155,43.155
1990,47935,47.935
1991,42892,42.892
1992,49778,49.778
1993,97891,97.891
1994,284379,284.379
1995,102480,102.48
1996,43874,43.874
1997,70616,70.616
1998,58907,58.907
1999,54912,54.912
2000,62460,62.46
2001,99279,99.279
2002,55393,55.393
2003,59412,59.412
2004,47952,47.952
2005,61684,61.684
2006,61162,61.162
2007,56126,56.126
2008,70607,70.607
2009,56588,56.588
2010,58539,58.539
2011,72328,72.328
2012,54845,54.845
2013,54722,54.722
2014,56141,56.141
2015,64669,64.669
2016,61193,61.193
2017,58549,58.549
2018,63478,63.478
2019,59661,59.661
2020,76970,76.97
2021,66115,66.115
2022,74727,74.727
2023,69290,69.29
2024,73473,73.473
2025,78323,78.323
2026,66018,66.018
2027,64592,64.592
2028,57817,57.817
2029,60960,60.96
2030,66881,66.881
2031,92345,92.345
2032,53291,53.291
2033,54693,54.693
2034,51543,51.543
2035,59664,59.664
2036,55550,55.55
2037,57744,57.744
2038,57798,57.798
2039,61005,61.005
2040,59709,59.709
2041,53887,53.887
2042,58840,58.84
2043,54081,54.081
2044,55801,55.801
2045,83862,83.862
2046,96479,96.479
2047,64078,64.078
2048,91371,91.371
2049,83550,83.55
2050,75928,75.928
2051,97001,97.001
2052,84327,84.327
2053,71116,71.116
2054,62498,62.498
2055,68134,68.134
2056,68830,68.83
2057,78859,78.859
2058,72149,72.149
2059,90055,90.055
2060,78943,78.943
2061,81643,81.643
2062,74719,74.719
2063,60341,60.341
2064,62213,62.213
2065,82111,82.111
2066,91282,91.282
2067,73501,73.501
2068,142223,142.223
2069,73664,73.664
2070,87690,87.69
2071,79512,79.512
2072,71083,71.083
2073,81781,81.781
2074,76935,76.935
2075,286793,286.793
2076,90895,90.895
2077,59973,59.973
2078,59593,59.593
2079,50869,50.869
2080,63972,63.972
2081,58557,58.557
2082,60158,60.158
2083,55123,55.123
2084,48307,48.307
2085,147159,147.159
2086,64327,64.327
2087,62779,62.779
2088,84136,84.136
2089,58711,58.711
2090,62631,62.631
2091,58646,58.646
2092,59891,59.891
2093,56078,56.078
2094,66912,66.912
2095,73836,73.836
2096,306226,306.226
2097,59113,59.113
2098,67219,67.219
2099,59219,59.219
2100,240163,240.163
2101,68704,68.704
2102,81559,81.559
2103,66443,66.443
2104,66828,66.828
2105,67057,67.057
2106,80220,80.22
2107,81362,81.362
2108,69337,69.337
2109,72224,72.224
2110,64174,64.174
2111,59104,59.104
2112,55455,55.455
2113,104216,104.216
2114,62527,62.527
2115,61253,61.253
2116,72357,72.357
2117,55236,55.236
2118,58739,58.739
2119,52674,52.674
2120,60961,60.961
2121,62595,62.595
2122,62875,62.875
2123,64169,64.169
2124,83493,83.493
2125,86043,86.043
2126,81209,81.209
2127,78314,78.314
2128,68186,68.186
2129,65768,65.768
2130,67906,67.906
2131,76382,76.382
2132,63276,63.276
2133,66792,66.792
2134,55691,55.691
2135,79980,79.98
2136,57133,57.133
2137,50523,50.523
2138,58061,58.061
2139,56698,56.698
2140,230849,230.849
2141,62233,62.233
2142,59506,59.506
2143,69703,69.703
2144,51821,51.821
2145,75955,75.955
2146,77256,77.256
2147,67742,67.742
2148,83804,83.804
2149,80620,80.62
2150,86264,86.264
2151,81559,81.559
2152,71378,71.378
2153,71437,71.437
2154,68055,68.055
2155,73822,73.822
2156,92175,92.175
2157,81611,81.611
2158,74837,74.837
2159,60511,60.511
2160,82638,82.638
2161,82956,82.956
2162,70057,70.057
2163,59140,59.14
2164,77430,77.43
2165,72089,72.089
2166,96895,96.895
2167,70914,70.914
2168,73848,73.848
2169,74745,74.745
2170,75724,75.724
2171,77722,77.722
2172,71497,71.497
2173,74689,74.689
2174,69906,69.906
2175,82295,82.295
2176,70971,70.971
2177,56603,56.603
2178,57213,57.213
2179,58301,58.301
2180,109910,109.91
2181,58716,58.716
2182,61254,61.254
2183,63284,63.284
2184,47889,47.889
2185,60807,60.807
2186,65506,65.506
2187,59116,59.116
2188,86111,86.111
2189,94958,94.958
2190,68992,68.992
2191,66850,66.85
2192,50285,50.285
2193,50240,50.24
2194,56931,56.931
2195,53925,53.925
2196,56822,56.822
2197,108497,108.497
2198,62878,62.878
2199,67954,67.954
2200,69338,69.338
2201,66135,66.135
2202,66633,66.633
2203,62608,62.608
2204,51546,51.546
2205,66238,66.238
2206,86915,86.915
2207,53047,53.047
2208,57262,57.262
2209,55321,55.321
2210,60423,60.423
2211,61980,61.98
2212,60777,60.777
2213,60681,60.681
2214,61977,61.977
2215,63549,63.549
2216,65742,65.742
2217,53524,53.524
2218,56148,56.148
2219,57207,57.207
2220,63020,63.02
2221,65502,65.502
2222,58751,58.751
2223,56060,56.06
2224,66991,66.991
2225,79215,79.215
2226,88617,88.617
2227,105432,105.432
2228,311210,311.21
2229,72987,72.987
2230,70686,70.686
2231,78227,78.227
2232,65523,65.523
2233,58171,58.171
2234,57818,57.818
2235,80307,80.307
2236,127696,127.696
2237,72358,72.358
2238,76552,76.552
2239,48920,48.92
2240,59334,59.334
2241,44795,44.795
2242,37348,37.348
2243,67628,67.628
2244,40899,40.899
2245,60911,60.911
2246,55017,55.017
2247,61504,61.504
2248,158651,158.651
2249,56568,56.568
2250,67241,67.241
2251,53736,53.736
2252,61326,61.326
2253,46701,46.701
2254,43122,43.122
2255,62957,62.957
2256,102509,102.509
2257,42741,42.741
2258,68575,68.575
2259,51214,51.214
2260,68520,68.52
2261,151460,151.46
2262,46525,46.525
2263,66125,66.125
2264,74982,74.982
2265,75981,75.981
2266,74002,74.002
2267,68165,68.165
2268,67544,67.544
2269,51932,51.932
2270,71850,71.85
2271,119093,119.093
2272,48726,48.726
2273,50750,50.75
2274,43496,43.496
2275,65430,65.43
2276,81859,81.859
2277,85995,85.995
2278,68155,68.155
2279,54037,54.037
2280,53812,53.812
2281,107515,107.515
2282,44727,44.727
2283,49819,49.819
2284,43273,43.273
2285,68427,68.427
2286,50005,50.005
2287,51915,51.915
2288,75432,75.432
2289,74159,74.159
2290,56753,56.753
2291,53909,53.909
2292,53949,53.949
2293,99580,99.58
2294,43827,43.827
2295,47754,47.754
2296,47838,47.838
2297,42161,42.161
2298,57130,57.13
2299,47680,47.68
2300,74529,74.529
2301,72844,72.844
2302,51095,51.095
2303,54031,54.031
2304,44799,44.799
2305,45782,45.782
2306,84542,84.542
2307,56727,56.727
2308,49211,49.211
2309,41700,41.7
2310,58420,58.42
2311,55286,55.286
2312,40989,40.989
2313,60026,60.026
2314,40560,40.56
2315,100160,100.16
2316,112352,112.352
2317,40740,40.74
2318,43600,43.6
2319,40516,40.516
2320,43386,43.386
2321,45341,45.341
2322,41257,41.257
2323,81278,81.278
2324,42459,42.459
2325,57277,57.277
2326,65418,65.418
2327,71265,71.265
2328,65089,65.089
2329,59025,59.025
2330,62281,62.281
2331,49573,49.573
2332,38387,38.387
2333,44693,44.693
2334,41258,41.258
2335,67252,67.252
2336,116291,116.291
2337,85895,85.895
2338,47852,47.852
2339,45109,45.109
2340,42785,42.785
2341,57887,57.887
2342,44470,44.47
2343,43045,43.045
2344,39330,39.33
2345,85243,85.243
2346,77426,77.426
2347,47518,47.518
2348,68350,68.35
2349,63888,63.888
2350,68789,68.789
2351,63887,63.887
2352,56707,56.707
2353,66511,66.511
2354,47129,47.129
2355,70844,70.844
2356,65789,65.789
2357,45628,45.628
2358,66015,66.015
2359,60689,60.689
2360,68611,68.611
2361,69648,69.648
2362,59116,59.116
2363,61157,61.157
2364,48014,48.014
2365,64696,64.696
2366,74890,74.89
2367,66300,66.3
2368,65733,65.733
2369,74927,74.927
2370,67148,67.148
2371,60714,60.714
2372,55546,55.546
2373,63907,63.907
2374,51191,51.191
2375,50065,50.065
2376,48249,48.249
2377,112370,112.37
2378,67717,67.717
2379,61648,61.648
2380,48074,48.074
2381,54490,54.49
2382,48090,48.09
2383,50327,50.327
2384,41719,41.719
2385,45564,45.564
2386,47030,47.03
2387,56665,56.665
2388,75210,75.21
2389,59165,59.165
2390,55429,55.429
2391,54613,54.613
2392,46199,46.199
2393,50934,50.934
2394,44473,44.473
2395,46041,46.041
2396,46753,46.753
2397,42934,42.934
2398,98403,98.403
2399,49515,49.515
2400,62548,62.548
2401,65559,65.559
2402,52674,52.674
2403,49096,49.096
2404,41452,41.452
2405,101295,101.295
2406,47170,47.17
2407,46170,46.17
2408,74364,74.364
2409,78008,78.008
2410,103035,103.035
2411,106592,106.592
2412,123112,123.112
2413,77710,77.71
2414,60116,60.116
2415,84396,84.396
2416,56248,56.248
2417,55150,55.15
2418,50120,50.12
2419,130472,130.472
2420,85885,85.885
2421,70921,70.921
2422,69446,69.446
2423,60173,60.173
2424,49052,49.052
2425,63402,63.402
2426,71833,71.833
2427,92524,92.524
2428,85973,85.973
2429,68795,68.795
2430,64644,64.644
2431,66384,66.384
2432,128105,128.105
2433,76844,76.844
2434,58385,58.385
2435,60879,60.879
2436,51150,51.15
2437,51570,51.57
2438,52382,52.382
2439,40794,40.794
2440,55848,55.848
2441,60825,60.825
2442,41787,41.787
2443,43582,43.582
2444,41004,41.004
2445,59903,59.903
2446,57688,57.688
2447,60674,60.674
2448,70813,70.813
2449,69984,69.984
2450,68467,68.467
2451,65129,65.129
2452,47131,47.131
2453,46785,46.785
2454,43925,43.925
2455,57208,57.208
2456,54424,54.424
2457,60788,60.788
2458,64076,64.076
2459,60899,60.899
2460,65145,65.145
2461,62346,62.346
2462,53332,53.332
2463,47219,47.219
2464,45535,45.535
2465,69097,69.097
2466,60764,60.764
2467,60976,60.976
2468,70863,70.863
2469,58005,58.005
2470,64367,64.367
2471,60875,60.875
2472,51874,51.874
2473,46439,46.439
2474,40872,40.872
2475,64220,64.22
2476,85356,85.356
2477,78236,78.236
2478,54582,54.582
2479,74955,74.955
2480,66257,66.257
2481,62978,62.978
2482,59518,59.518
2483,76080,76.08
2484,46077,46.077
2485,54486,54.486
2486,57082,57.082
2487,51338,51.338
2488,74937,74.937
2489,88636,88.636
2490,55758,55.758
2491,50935,50.935
2492,53192,53.192
2493,78513,78.513
2494,39829,39.829
2495,52948,52.948
2496,50772,50.772
2497,43796,43.796
2498,73317,73.317
2499,55547,55.547
2500,63744,63.744
2501,58107,58.107
2502,67634,67.634
2503,56945,56.945
2504,46445,46.445
2505,46143,46.143
2506,46549,46.549
2507,42058,42.058
2508,46403,46.403
2509,49917,49.917
2510,54148,54.148
2511,55411,55.411
2512,52465,52.465
2513,52377,52.377
2514,45176,45.176
2515,48902,48.902
2516,45345,45.345
2517,45329,45.329
2518,45584,45.584
2519,40308,40.308
2520,50238,50.238
2521,47514,47.514
2522,50298,50.298
2523,45642,45.642
2524,46484,46.484
2525,52916,52.916
2526,79655,79.655
2527,68376,68.376
2528,51617,51.617
2529,51912,51.912
2530,75820,75.82
2531,75878,75.878
2532,74627,74.627
2533,59861,59.861
2534,50649,50.649
2535,48248,48.248
2536,46850,46.85
2537,44482,44.482
2538,46628,46.628
2539,39405,39.405
2540,43349,43.349
2541,42306,42.306
2542,46611,46.611
2543,44009,44.009
2544,40884,40.884
2545,61135,61.135
2546,55764,55.764
2547,81703,81.703
2548,75590,75.59
2549,69418,69.418
2550,66789,66.789
2551,78025,78.025
2552,50639,50.639
2553,49990,49.99
2554,44739,44.739
2555,57994,57.994
2556,50370,50.37
2557,75417,75.417
2558,63975,63.975
2559,65738,65.738
2560,66828,66.828
2561,64167,64.167
2562,48217,48.217
2563,47088,47.088
2564,44342,44.342
2565,65623,65.623
2566,54367,54.367
2567,70887,70.887
2568,66331,66.331
2569,71880,71.88
2570,64529,64.529
2571,72356,72.356
2572,50668,50.668
2573,54699,54.699
2574,43139,43.139
2575,49347,49.347
2576,51343,51.343
2577,53580,53.58
2578,53916,53.916
2579,105468,105.468
2580,47310,47.31
2581,86827,86.827
2582,58640,58.64
2583,114399,114.399
2584,48968,48.968
2585,50101,50.101
2586,43584,43.584
2587,103607,103.607
2588,73142,73.142
2589,70848,70.848
2590,66561,66.561
2591,67128,67.128
2592,49582,49.582
2593,46133,46.133
2594,79351,79.351
2595,70898,70.898
2596,58562,58.562
2597,62481,62.481
2598,79372,79.372
2599,62515,62.515
2600,77845,77.845
2601,58805,58.805
2602,57796,57.796
2603,52479,52.479
2604,46218,46.218
2605,49996,49.996
2606,71445,71.445
2607,48453,48.453
2608,46728,46.728
2609,43051,43.051
2610,85923,85.923
2611,141486,141.486
2612,54821,54.821
2613,52426,52.426
2614,43975,43.975
2615,54942,54.942
2616,47206,47.206
2617,56767,56.767
2618,52770,52.77
2619,61358,61.358
2620,47294,47.294
2621,47658,47.658
2622,44831,44.831
2623,102999,102.999
2624,44293,44.293
2625,52330,52.33
2626,50550,50.55
2627,62615,62.615
2628,52020,52.02
2629,48282,48.282
2630,94968,94.968
2631,66426,66.426
2632,71294,71.294
2633,70924,70.924
2634,69444,69.444
2635,65311,65.311
2636,55865,55.865
2637,55168,55.168
2638,51546,51.546
2639,47830,47.83
2640,47534,47.534
2641,44055,44.055
2642,47067,47.067
2643,44020,44.02
2644,42111,42.111
2645,62496,62.496
2646,70827,70.827
2647,110308,110.308
2648,71996,71.996
2649,66517,66.517
2650,80136,80.136
2651,117250,117.25
2652,47901,47.901
2653,55628,55.628
2654,52455,52.455
2655,56881,56.881
2656,51929,51.929
2657,59059,59.059
2658,65006,65.006
2659,45531,45.531
2660,68076,68.076
2661,61841,61.841
2662,59078,59.078
2663,56843,56.843
2664,40148,40.148
2665,63276,63.276
2666,51758,51.758
2667,73980,73.98
2668,68382,68.382
2669,60225,60.225
2670,67449,67.449
2671,57580,57.58
2672,49697,49.697
2673,54971,54.971
2674,51118,51.118
2675,48961,48.961
2676,46443,46.443
2677,47990,47.99
2678,45781,45.781
2679,40944,40.944
2680,43619,43.619
2681,41313,41.313
2682,73411,73.411
2683,90976,90.976
2684,54615,54.615
2685,50954,50.954
2686,47203,47.203
2687,50400,50.4
2688,82643,82.643
2689,63530,63.53
2690,61465,61.465
2691,51776,51.776
2692,48029,48.029
2693,47861,47.861
2694,37289,37.289
2695,48535,48.535
2696,42559,42.559
2697,58978,58.978
2698,70558,70.558
2699,64894,64.894
2700,73890,73.89
2701,63785,63.785
2702,89397,89.397
2703,55949,55.949
2704,44490,44.49
2705,47210,47.21
2706,46101,46.101
2707,82664,82.664
2708,55991,55.991
2709,46761,46.761
2710,56228,56.228
2711,45866,45.866
2712,46824,46.824
2713,46701,46.701
2714,38497,38.497
2715,44236,44.236
2716,38320,38.32
2717,48852,48.852
2718,71538,71.538
2719,59493,59.493
2720,56946,56.946
2721,57955,57.955
2722,52791,52.791
2723,49094,49.094
2724,42097,42.097
2725,61824,61.824
2726,50747,50.747
2727,65379,65.379
2728,56249,56.249
2729,54171,54.171
2730,52728,52.728
2731,57971,57.971
2732,61348,61.348
2733,76142,76.142
2734,57983,57.983
2735,57822,57.822
2736,44521,44.521
2737,46612,46.612
2738,60191,60.191
2739,51899,51.899
2740,41117,41.117
2741,39460,39.46
2742,42521,42.521
2743,43956,43.956
2744,40749,40.749
2745,60051,60.051
2746,46688,46.688
2747,60291,60.291
2748,73649,73.649
2749,65268,65.268
2750,77830,77.83
2751,70792,70.792
2752,46838,46.838
2753,49777,49.777
2754,46168,46.168
2755,58412,58.412
2756,50075,50.075
2757,64707,64.707
2758,67071,67.071
2759,62756,62.756
2760,63329,63.329
2761,54568,54.568
2762,53339,53.339
2763,53273,53.273
2764,43857,43.857
2765,65098,65.098
2766,50544,50.544
2767,89029,89.029
2768,64707,64.707
2769,57454,57.454
2770,64978,64.978
2771,53405,53.405
2772,52234,52.234
2773,52647,52.647
2774,54396,54.396
2775,48615,48.615
2776,39368,39.368
2777,56777,56.777
2778,50646,50.646
2779,41938,41.938
2780,44867,44.867
2781,49678,49.678
2782,66564,66.564
2783,54873,54.873
2784,70350,70.35
2785,64324,64.324
2786,48362,48.362
2787,57055,57.055
2788,70759,70.759
2789,59726,59.726
2790,62197,62.197
2791,62519,62.519
2792,59667,59.667
2793,55170,55.17
2794,55880,55.88
2795,49661,49.661
2796,43163,43.163
2797,49013,49.013
2798,70409,70.409
2799,50479,50.479
2800,62680,62.68
2801,53738,53.738
2802,61489,61.489
2803,49847,49.847
2804,45065,45.065
2805,51735,51.735
2806,46194,46.194
2807,63315,63.315
2808,47829,47.829
2809,41035,41.035
2810,482077,482.077
2811,55675,55.675
2812,75133,75.133
2813,56950,56.95
2814,47093,47.093
2815,48050,48.05
2816,43864,43.864
2817,48112,48.112
2818,46030,46.03
2819,40509,40.509
2820,45206,45.206
2821,41979,41.979
2822,47546,47.546
2823,57771,57.771
2824,46040,46.04
2825,48709,48.709
2826,41000,41.0
2827,67798,67.798
2828,53587,53.587
2829,45904,45.904
2830,47476,47.476
2831,40924,40.924
2832,45987,45.987
2833,56901,56.901
2834,56062,56.062
2835,92481,92.481
2836,69577,69.577
2837,54839,54.839
2838,54013,54.013
2839,45850,45.85
2840,47381,47.381
2841,41234,41.234
2842,42291,42.291
2843,44993,44.993
2844,42852,42.852
2845,60918,60.918
2846,47578,47.578
2847,56711,56.711
2848,70272,70.272
2849,60431,60.431
2850,63257,63.257
2851,54178,54.178
2852,51230,51.23
2853,112323,112.323
2854,49194,49.194
2855,54828,54.828
2856,45550,45.55
2857,59190,59.19
2858,81970,81.97
2859,56579,56.579
2860,61802,61.802
2861,45686,45.686
2862,49091,49.091
2863,49091,49.091
2864,40643,40.643
2865,78113,78.113
2866,50021,50.021
2867,74622,74.622
2868,77970,77.97
2869,62506,62.506
2870,67630,67.63
2871,50225,50.225
2872,45956,45.956
2873,50707,50.707
2874,40877,40.877
2875,48881,48.881
2876,39046,39.046
2877,59788,59.788
2878,50363,50.363
2879,41989,41.989
2880,46054,46.054
2881,41772,41.772
2882,49764,49.764
2883,51702,51.702
2884,42740,42.74
2885,71943,71.943
2886,82472,82.472
2887,64047,64.047
2888,71937,71.937
2889,53909,53.909
2890,43906,43.906
2891,40737,40.737
2892,51954,51.954
2893,44094,44.094
2894,38521,38.521
2895,46036,46.036
2896,38930,38.93
2897,48617,48.617
2898,57481,57.481
2899,49055,49.055
2900,59248,59.248
2901,62200,62.2
2902,62962,62.962
2903,61485,61.485
2904,46849,46.849
2905,50522,50.522
2906,44696,44.696
2907,46840,46.84
2908,47962,47.962
2909,42501,42.501
2910,43862,43.862
2911,42828,42.828
2912,43547,43.547
2913,58421,58.421
2914,45106,45.106
2915,47175,47.175
2916,40264,40.264
2917,44274,44.274
2918,45470,45.47
2919,40364,40.364
2920,42102,42.102
2921,39077,39.077
2922,43310,43.31
2923,45363,45.363
2924,42737,42.737
2925,48310,48.31
2926,40440,40.44
2927,79166,79.166
2928,74720,74.72
2929,66479,66.479
2930,55034,55.034
2931,44467,44.467
2932,46361,46.361
2933,56290,56.29
2934,44864,44.864
2935,50564,50.564
2936,77780,77.78
2937,72994,72.994
2938,59658,59.658
2939,54041,54.041
2940,49623,49.623
2941,61099,61.099
2942,45880,45.88
2943,48948,48.948
2944,39489,39.489
2945,61141,61.141
2946,46566,46.566
2947,63472,63.472
2948,66695,66.695
2949,63010,63.01
2950,64156,64.156
2951,69483,69.483
2952,54387,54.387
2953,75629,75.629
2954,45867,45.867
2955,52518,52.518
2956,46040,46.04
2957,63923,63.923
2958,67582,67.582
2959,64684,64.684
2960,82629,82.629
2961,60309,60.309
2962,48817,48.817
2963,47357,47.357
2964,40145,40.145
2965,65575,65.575
2966,50729,50.729
2967,66037,66.037
2968,98812,98.812
2969,49200,49.2
2970,63092,63.092
2971,49931,49.931
2972,51851,51.851
2973,50746,50.746
2974,45140,45.14
2975,46709,46.709
2976,42113,42.113
2977,57698,57.698
2978,46497,46.497
2979,43136,43.136
2980,50096,50.096
2981,52911,52.911
2982,50550,50.55
2983,48210,48.21
2984,42377,42.377
2985,48159,48.159
2986,40665,40.665
2987,75127,75.127
2988,73860,73.86
2989,51811,51.811
2990,48835,48.835
2991,43275,43.275
2992,47778,47.778
2993,64446,64.446
2994,41975,41.975
2995,44693,44.693
2996,41397,41.397
2997,49503,49.503
2998,59144,59.144
2999,50334,50.334
3000,57165,57.165
3001,102248,102.248
3002,235772,235.772
3003,76885,76.885
3004,69843,69.843
3005,66169,66.169
3006,80409,80.409
3007,98395,98.395
3008,88496,88.496
3009,78717,78.717
3010,81236,81.236
3011,82631,82.631
3012,66083,66.083
3013,177268,177.268
3014,67000,67.0
3015,58897,58.897
3016,69609,69.609
3017,61123,61.123
3018,64882,64.882
3019,81378,81.378
3020,80774,80.774
3021,76998,76.998
3022,62926,62.926
3023,151074,151.074
3024,77328,77.328
3025,67828,67.828
3026,64629,64.629
3027,56627,56.627
3028,55155,55.155
3029,62104,62.104
3030,55600,55.6
3031,64064,64.064
3032,59391,59.391
3033,160053,160.053
3034,110635,110.635
3035,85261,85.261
3036,82296,82.296
3037,240135,240.135
3038,56473,56.473
3039,58870,58.87
3040,63035,63.035
3041,69571,69.571
3042,59727,59.727
3043,61766,61.766
3044,60918,60.918
3045,69245,69.245
3046,76462,76.462
3047,86018,86.018
3048,78665,78.665
3049,55147,55.147
3050,61413,61.413
3051,83237,83.237
3052,87901,87.901
3053,64807,64.807
3054,57887,57.887
3055,85358,85.358
3056,60742,60.742
3057,65137,65.137
3058,64464,64.464
3059,63336,63.336
3060,62251,62.251
3061,68952,68.952
3062,60688,60.688
3063,62553,62.553
3064,64366,64.366
3065,83357,83.357
3066,163906,163.906
3067,109956,109.956
3068,57523,57.523
3069,57196,57.196
3070,56541,56.541
3071,68136,68.136
3072,112623,112.623
3073,74754,74.754
3074,74452,74.452
3075,73647,73.647
3076,57014,57.014
3077,62286,62.286
3078,89096,89.096
3079,74631,74.631
3080,71861,71.861
3081,88286,88.286
3082,81935,81.935
3083,67535,67.535
3084,76400,76.4
3085,84268,84.268
3086,82948,82.948
3087,130159,130.159
3088,80520,80.52
3089,70774,70.774
3090,279151,279.151
3091,79409,79.409
3092,75990,75.99
3093,58852,58.852
3094,74454,74.454
3095,81678,81.678
3096,78036,78.036
3097,96407,96.407
3098,93661,93.661
3099,189294,189.294
3100,53537,53.537
3101,85458,85.458
3102,78030,78.03
3103,73863,73.863
3104,71820,71.82
3105,172979,172.979
3106,77155,77.155
3107,77732,77.732
3108,78139,78.139
3109,66786,66.786
3110,63098,63.098
3111,83503,83.503
3112,63849,63.849
3113,64779,64.779
3114,63298,63.298
3115,64773,64.773
3116,70086,70.086
3117,64879,64.879
3118,66753,66.753
3119,60974,60.974
3120,62151,62.151
3121,67394,67.394
3122,67995,67.995
3123,252735,252.735
3124,80389,80.389
3125,68028,68.028
3126,68181,68.181
3127,79406,79.406
3128,59947,59.947
3129,62611,62.611
3130,49855,49.855
3131,61592,61.592
3132,59104,59.104
3133,55813,55.813
3134,65471,65.471
3135,63633,63.633
3136,83558,83.558
3137,64162,64.162
3138,70898,70.898
3139,60954,60.954
3140,65275,65.275
3141,71091,71.091
3142,322705,322.705
3143,51626,51.626
3144,54490,54.49
3145,53482,53.482
3146,62476,62.476
3147,65086,65.086
3148,72926,72.926
3149,75630,75.63
3150,73509,73.509
3151,62377,62.377
3152,59354,59.354
3153,60375,60.375
3154,56438,56.438
3155,256059,256.059
3156,58388,58.388
3157,61260,61.26
3158,58006,58.006
3159,63651,63.651
3160,51822,51.822
3161,67737,67.737
3162,54907,54.907
3163,58553,58.553
3164,64499,64.499
3165,255883,255.883
3166,63321,63.321
3167,58312,58.312
3168,57726,57.726
3169,58402,58.402
3170,48018,48.018
3171,61549,61.549
3172,62789,62.789
3173,60749,60.749
3174,67979,67.979
3175,52426,52.426
3176,54795,54.795
3177,53111,53.111
3178,60083,60.083
3179,183861,183.861
3180,56309,56.309
3181,67950,67.95
3182,69597,69.597
3183,61857,61.857
3184,78926,78.926
3185,60302,60.302
3186,72584,72.584
3187,67590,67.59
3188,176289,176.289
3189,82935,82.935
3190,264601,264.601
3191,74178,74.178
3192,281790,281.79
3193,56706,56.706
3194,74820,74.82
3195,65546,65.546
3196,86480,86.48
3197,71954,71.954
3198,63361,63.361
3199,82516,82.516
3200,83329,83.329
3201,84324,84.324
3202,946078,946.078
3203,60785,60.785
3204,72142,72.142
3205,81764,81.764
3206,258015,258.015
3207,75937,75.937
3208,54433,54.433
3209,56436,56.436
3210,50346,50.346
3211,60319,60.319
3212,64468,64.468
3213,58850,58.85
3214,63210,63.21
3215,272292,272.292
3216,480295,480.295
3217,74061,74.061
3218,52704,52.704
3219,59373,59.373
3220,58221,58.221
3221,58875,58.875
3222,58480,58.48
3223,70865,70.865
3224,79030,79.03
3225,75731,75.731
3226,86448,86.448
3227,69376,69.376
3228,72972,72.972
3229,61505,61.505
3230,70418,70.418
3231,63083,63.083
3232,62962,62.962
3233,45472,45.472
3234,64887,64.887
3235,69430,69.43
3236,76042,76.042
3237,66537,66.537
3238,80120,80.12
3239,60990,60.99
3240,73532,73.532
3241,71881,71.881
3242,63003,63.003
3243,61101,61.101
3244,67945,67.945
3245,60765,60.765
3246,64354,64.354
3247,257067,257.067
3248,70621,70.621
3249,58485,58.485
3250,72923,72.923
3251,77705,77.705
3252,186186,186.186
3253,57018,57.018
3254,64903,64.903
3255,52469,52.469
3256,59932,59.932
3257,55897,55.897
3258,57090,57.09
3259,62459,62.459
3260,62253,62.253
3261,61976,61.976
3262,65298,65.298
3263,56364,56.364
3264,72886,72.886
3265,63751,63.751
3266,64013,64.013
3267,56538,56.538
3268,55921,55.921
3269,53982,53.982
3270,55888,55.888
3271,61553,61.553
3272,55173,55.173
3273,58696,58.696
3274,56384,56.384
3275,60305,60.305
3276,77960,77.96
3277,53370,53.37
3278,56165,56.165
3279,73793,73.793
3280,75788,75.788
3281,85617,85.617
3282,87589,87.589
3283,73722,73.722
3284,78988,78.988
3285,66733,66.733
3286,183986,183.986
3287,65440,65.44
3288,61324,61.324
3289,65254,65.254
3290,60024,60.024
3291,70581,70.581
3292,77028,77.028
3293,18848,18.848
3294,40857,40.857
3295,63018,63.018
3296,412298,412.298
3297,65011,65.011
3298,56474,56.474
3299,70502,70.502
3300,75639,75.639
3301,89279,89.279
3302,101869,101.869
3303,193796,193.796
3304,86452,86.452
3305,61666,61.666
3306,73432,73.432
3307,288707,288.707
3308,54692,54.692
3309,63401,63.401
3310,60888,60.888
3311,64702,64.702
3312,80759,80.759
3313,56726,56.726
3314,60045,60.045
3315,61288,61.288
3316,63439,63.439
3317,67902,67.902
3318,56684,56.684
3319,56082,56.082
3320,54557,54.557
3321,60676,60.676
3322,66430,66.43
3323,55334,55.334
3324,78456,78.456
3325,65362,65.362
3326,70409,70.409
3327,68457,68.457
3328,62600,62.6
3329,170266,170.266
3330,42768,42.768
3331,58634,58.634
3332,56433,56.433
3333,58604,58.604
3334,66870,66.87
3335,66671,66.671
3336,72107,72.107
3337,180831,180.831
3338,177658,177.658
3339,163297,163.297
3340,54505,54.505
3341,57754,57.754
3342,55773,55.773
3343,55512,55.512
3344,61300,61.3
3345,51507,51.507
3346,65303,65.303
3347,58507,58.507
3348,259105,259.105
3349,68386,68.386
3350,58453,58.453
3351,78978,78.978
3352,80543,80.543
3353,62937,62.937
3354,57521,57.521
3355,60907,60.907
3356,177398,177.398
3357,71415,71.415
3358,65049,65.049
3359,66225,66.225
3360,60847,60.847
3361,60617,60.617
3362,60315,60.315
3363,57696,57.696
3364,57809,57.809
3365,61598,61.598
3366,65416,65.416
3367,60811,60.811
3368,61261,61.261
3369,58047,58.047
3370,52482,52.482
3371,57391,57.391
3372,54342,54.342
3373,156014,156.014
3374,56207,56.207
3375,61705,61.705
3376,60040,60.04
3377,61464,61.464
3378,57664,57.664
3379,78021,78.021
3380,70845,70.845
3381,81147,81.147
3382,184197,184.197
3383,56241,56.241
3384,81855,81.855
3385,76041,76.041
3386,66284,66.284
3387,275575,275.575
3388,80342,80.342
3389,76146,76.146
3390,59858,59.858
3391,72966,72.966
3392,330901,330.901
3393,59071,59.071
3394,184970,184.97
3395,66012,66.012
3396,88400,88.4
3397,64065,64.065
3398,70567,70.567
3399,72103,72.103
3400,68335,68.335
3401,279076,279.076
3402,82463,82.463
3403,86746,86.746
3404,76318,76.318
3405,254519,254.519
3406,77067,77.067
3407,64495,64.495
3408,52443,52.443
3409,59087,59.087
3410,56677,56.677
3411,64284,64.284
3412,173971,173.971
3413,177597,177.597
3414,66756,66.756
3415,244359,244.359
3416,167013,167.013
3417,55192,55.192
3418,51957,51.957
3419,57998,57.998
3420,52936,52.936
3421,62559,62.559
3422,62684,62.684
3423,99066,99.066
3424,72424,72.424
3425,76517,76.517
3426,76000,76.0
3427,61543,61.543
3428,69790,69.79
3429,55625,55.625
3430,56193,56.193
3431,71260,71.26
3432,76039,76.039
3433,61848,61.848
3434,343641,343.641
3435,56237,56.237
3436,81560,81.56
3437,70630,70.63
3438,63715,63.715
3439,65366,65.366
3440,58851,58.851
3441,67055,67.055
3442,57650,57.65
3443,66916,66.916
3444,61809,61.809
3445,61482,61.482
3446,64698,64.698
3447,179843,179.843
3448,54418,54.418
3449,55344,55.344
3450,56820,56.82
3451,64817,64.817
3452,66378,66.378
3453,102268,102.268
3454,74570,74.57
3455,61355,61.355
3456,61747,61.747
3457,63870,63.87
3458,63090,63.09
3459,56806,56.806
3460,163977,163.977
3461,60332,60.332
3462,64176,64.176
3463,365208,365.208
3464,275745,275.745
3465,56280,56.28
3466,81188,81.188
3467,72621,72.621
3468,73764,73.764
3469,59397,59.397
3470,64548,64.548
3471,62567,62.567
3472,58581,58.581
3473,57259,57.259
3474,62656,62.656
3475,241771,241.771
3476,62725,62.725
3477,274316,274.316
3478,53801,53.801
3479,70787,70.787
3480,72087,72.087
3481,79371,79.371
3482,94240,94.24
3483,57020,57.02
3484,77034,77.034
3485,53247,53.247
3486,74610,74.61
3487,70950,70.95
3488,67591,67.591
3489,65977,65.977
3490,67327,67.327
3491,71420,71.42
3492,65438,65.438
3493,503191,503.191
3494,66093,66.093
3495,72887,72.887
3496,85355,85.355
3497,263155,263.155
3498,67411,67.411
3499,71097,71.097
3500,79111,79.111
3501,72240,72.24
3502,83500,83.5
3503,118234,118.234
3504,75811,75.811
3505,192394,192.394
3506,75920,75.92
3507,84960,84.96
3508,55194,55.194
3509,56209,56.209
3510,58175,58.175
3511,246663,246.663
3512,77663,77.663
3513,70228,70.228
3514,53249,53.249
3515,56912,56.912
3516,62720,62.72
3517,64918,64.918
3518,55594,55.594
3519,57922,57.922
3520,138468,138.468
3521,63446,63.446
3522,109888,109.888
3523,53852,53.852
3524,158109,158.109
3525,57568,57.568
3526,66060,66.06
3527,110840,110.84
3528,50083,50.083
3529,55679,55.679
3530,45213,45.213
3531,54035,54.035
3532,52458,52.458
3533,51856,51.856
3534,75226,75.226
3535,59059,59.059
3536,157034,157.034
3537,59282,59.282
3538,303719,303.719
3539,44009,44.009
3540,42475,42.475
3541,54695,54.695
3542,63813,63.813
3543,46609,46.609
3544,70484,70.484
3545,78584,78.584
3546,423154,423.154
3547,56898,56.898
3548,64775,64.775
3549,47942,47.942
3550,43937,43.937
3551,49946,49.946
3552,80989,80.989
3553,59217,59.217
3554,96446,96.446
3555,59336,59.336
3556,53714,53.714
3557,55594,55.594
3558,44593,44.593
3559,46441,46.441
3560,45161,45.161
3561,53868,53.868
3562,52448,52.448
3563,42795,42.795
3564,49266,49.266
3565,44920,44.92
3566,152690,152.69
3567,66746,66.746
3568,148200,148.2
3569,46525,46.525
3570,41127,41.127
3571,49269,49.269
3572,310751,310.751
3573,42391,42.391
3574,165437,165.437
3575,39389,39.389
3576,50512,50.512
3577,50587,50.587
3578,41077,41.077
3579,70760,70.76
3580,61772,61.772
3581,60879,60.879
3582,68701,68.701
3583,54444,54.444
3584,78769,78.769
3585,67216,67.216
3586,68100,68.1
3587,107781,107.781
3588,54379,54.379
3589,61838,61.838
3590,56779,56.779
3591,66341,66.341
3592,70782,70.782
3593,54884,54.884
3594,66698,66.698
3595,58223,58.223
3596,78071,78.071
3597,61001,61.001
3598,63112,63.112
3599,88046,88.046
3600,154646,154.646
3601,69084,69.084
3602,102610,102.61
3603,70368,70.368
3604,181411,181.411
3605,73208,73.208
3606,72238,72.238
3607,66118,66.118
3608,254180,254.18
3609,71833,71.833
3610,63897,63.897
3611,62071,62.071
3612,63275,63.275
3613,43094,43.094
3614,48181,48.181
3615,49427,49.427
3616,55500,55.5
3617,63437,63.437
3618,48330,48.33
3619,50583,50.583
3620,236813,236.813
3621,78580,78.58
3622,121602,121.602
3623,48629,48.629
3624,82897,82.897
3625,62790,62.79
3626,62432,62.432
3627,58348,58.348
3628,48727,48.727
3629,46147,46.147
3630,70520,70.52
3631,60549,60.549
3632,62040,62.04
3633,54640,54.64
3634,67186,67.186
3635,55104,55.104
3636,59450,59.45
3637,68962,68.962
3638,180960,180.96
3639,44050,44.05
3640,158297,158.297
3641,45695,45.695
3642,86695,86.695
3643,65490,65.49
3644,56810,56.81
3645,47030,47.03
3646,55247,55.247
3647,52796,52.796
3648,44427,44.427
3649,45355,45.355
3650,38403,38.403
3651,53466,53.466
3652,57140,57.14
3653,48281,48.281
3654,73133,73.133
3655,56480,56.48
3656,71733,71.733
3657,64332,64.332
3658,54249,54.249
3659,47627,47.627
3660,47724,47.724
3661,49930,49.93
3662,45979,45.979
3663,48004,48.004
3664,75019,75.019
3665,48589,48.589
3666,48875,48.875
3667,54783,54.783
3668,46971,46.971
3669,51005,51.005
3670,45156,45.156
3671,47434,47.434
3672,109497,109.497
3673,54818,54.818
3674,52238,52.238
3675,51368,51.368
3676,45158,45.158
3677,44014,44.014
3678,40868,40.868
3679,70503,70.503
3680,59984,59.984
3681,60746,60.746
3682,58135,58.135
3683,57590,57.59
3684,71633,71.633
3685,61788,61.788
3686,72129,72.129
3687,77614,77.614
3688,171442,171.442
3689,76275,76.275
3690,55053,55.053
3691,58129,58.129
3692,64777,64.777
3693,56540,56.54
3694,76650,76.65
3695,61426,61.426
3696,70538,70.538
3697,84335,84.335
3698,59280,59.28
3699,66389,66.389
3700,62146,62.146
3701,67054,67.054
3702,75238,75.238
3703,69899,69.899
3704,70821,70.821
3705,63058,63.058
3706,84267,84.267
3707,81597,81.597
3708,62401,62.401
3709,47481,47.481
3710,46854,46.854
3711,45545,45.545
3712,53207,53.207
3713,44531,44.531
3714,54514,54.514
3715,42345,42.345
3716,50927,50.927
3717,51787,51.787
3718,59369,59.369
3719,45974,45.974
3720,45884,45.884
3721,47738,47.738
3722,60516,60.516
3723,55288,55.288
3724,74370,74.37
3725,63167,63.167
3726,53025,53.025
3727,54927,54.927
3728,45340,45.34
3729,47918,47.918
3730,44834,44.834
3731,48845,48.845
3732,50166,50.166
3733,45180,45.18
3734,62408,62.408
3735,51462,51.462
3736,56698,56.698
3737,53702,53.702
3738,68293,68.293
3739,50369,50.369
3740,49236,49.236
3741,103944,103.944
3742,159540,159.54
3743,40669,40.669
3744,46118,46.118
3745,43411,43.411
3746,68560,68.56
3747,55229,55.229
3748,48495,48.495
3749,45905,45.905
3750,359063,359.063
3751,50058,50.058
3752,51339,51.339
3753,45743,45.743
3754,59181,59.181
3755,52305,52.305
3756,264707,264.707
3757,99382,99.382
3758,88944,88.944
3759,75755,75.755
3760,51646,51.646
3761,53360,53.36
3762,57993,57.993
3763,48953,48.953
3764,53604,53.604
3765,43069,43.069
3766,53629,53.629
3767,53639,53.639
3768,44243,44.243
3769,43344,43.344
3770,43023,43.023
3771,43125,43.125
3772,45334,45.334
3773,48242,48.242
3774,47456,47.456
3775,42324,42.324
3776,44975,44.975
3777,59848,59.848
3778,163986,163.986
3779,71798,71.798
3780,60283,60.283
3781,60542,60.542
3782,65368,65.368
3783,61421,61.421
3784,72543,72.543
3785,64428,64.428
3786,70002,70.002
3787,70189,70.189
3788,58863,58.863
3789,59042,59.042
3790,55588,55.588
3791,55649,55.649
3792,63360,63.36
3793,60659,60.659
3794,67243,67.243
3795,69392,69.392
3796,181910,181.91
3797,61167,61.167
3798,46870,46.87
3799,62875,62.875
3800,65506,65.506
3801,71319,71.319
3802,85872,85.872
3803,64303,64.303
3804,68123,68.123
3805,56142,56.142
3806,55399,55.399
3807,50018,50.018
3808,63049,63.049
3809,53006,53.006
3810,62471,62.471
3811,55720,55.72
3812,52657,52.657
3813,45026,45.026
3814,52780,52.78
3815,56773,56.773
3816,55391,55.391
3817,60320,60.32
3818,52459,52.459
3819,44846,44.846
3820,46721,46.721
3821,54589,54.589
3822,61406,61.406
3823,52658,52.658
3824,71244,71.244
3825,62933,62.933
3826,52895,52.895
3827,41309,41.309
3828,62803,62.803
3829,55278,55.278
3830,45532,45.532
3831,49601,49.601
3832,55675,55.675
3833,44970,44.97
3834,61293,61.293
3835,47167,47.167
3836,76780,76.78
3837,59713,59.713
3838,55638,55.638
3839,49416,49.416
3840,138376,138.376
3841,45327,45.327
3842,60030,60.03
3843,56222,56.222
3844,47202,47.202
3845,41347,41.347
3846,60487,60.487
3847,45277,45.277
3848,54850,54.85
3849,61578,61.578
3850,47103,47.103
3851,51841,51.841
3852,184504,184.504
3853,43755,43.755
3854,48184,48.184
3855,53048,53.048
3856,55833,55.833
3857,65981,65.981
3858,41056,41.056
3859,77409,77.409
3860,57086,57.086
3861,55630,55.63
3862,45587,45.587
3863,45131,45.131
3864,60271,60.271
3865,46658,46.658
3866,65724,65.724
3867,47279,47.279
3868,162367,162.367
3869,57587,57.587
3870,42565,42.565
3871,47977,47.977
3872,41394,41.394
3873,46905,46.905
3874,49052,49.052
3875,41682,41.682
3876,45711,45.711
3877,39279,39.279
3878,45401,45.401
3879,83217,83.217
3880,65945,65.945
3881,59093,59.093
3882,55257,55.257
3883,59247,59.247
3884,71883,71.883
3885,64429,64.429
3886,68934,68.934
3887,66948,66.948
3888,49414,49.414
3889,53464,53.464
3890,50573,50.573
3891,59587,59.587
3892,45167,45.167
3893,58819,58.819
3894,68370,68.37
3895,49146,49.146
3896,69555,69.555
3897,54945,54.945
3898,61805,61.805
3899,80732,80.732
3900,58114,58.114
3901,94019,94.019
3902,61823,61.823
3903,133609,133.609
3904,70995,70.995
3905,55690,55.69
3906,139058,139.058
3907,67796,67.796
3908,50816,50.816
3909,49040,49.04
3910,72709,72.709
3911,62736,62.736
3912,44189,44.189
3913,49497,49.497
3914,112416,112.416
3915,40031,40.031
3916,49577,49.577
3917,50179,50.179
3918,259097,259.097
3919,49285,49.285
3920,227204,227.204
3921,45098,45.098
3922,44113,44.113
3923,61701,61.701
3924,70972,70.972
3925,49359,49.359
3926,54239,54.239
3927,57446,57.446
3928,46988,46.988
3929,52768,52.768
3930,41719,41.719
3931,49389,49.389
3932,46108,46.108
3933,43075,43.075
3934,64703,64.703
3935,45063,45.063
3936,51205,51.205
3937,44725,44.725
3938,60373,60.373
3939,54395,54.395
3940,44350,44.35
3941,47797,47.797
3942,52019,52.019
3943,43168,43.168
3944,45286,45.286
3945,40096,40.096
3946,53861,53.861
3947,45596,45.596
3948,56401,56.401
3949,72170,72.17
3950,44253,44.253
3951,48803,48.803
3952,153097,153.097
3953,46465,46.465
3954,230197,230.197
3955,39102,39.102
3956,61326,61.326
3957,88932,88.932
3958,53031,53.031
3959,50801,50.801
3960,64965,64.965
3961,79260,79.26
3962,48016,48.016
3963,50663,50.663
3964,64604,64.604
3965,47164,47.164
3966,53888,53.888
3967,39645,39.645
3968,51005,51.005
3969,46364,46.364
3970,158607,158.607
3971,61403,61.403
3972,43687,43.687
3973,46306,46.306
3974,50736,50.736
3975,39046,39.046
3976,47883,47.883
3977,38885,38.885
3978,43190,43.19
3979,71411,71.411
3980,56999,56.999
3981,59200,59.2
3982,45183,45.183
3983,59467,59.467
3984,70776,70.776
3985,55098,55.098
3986,61937,61.937
3987,56816,56.816
3988,62601,62.601
3989,56144,56.144
3990,55524,55.524
3991,75451,75.451
3992,51977,51.977
3993,59614,59.614
3994,77097,77.097
3995,66894,66.894
3996,76437,76.437
3997,61196,61.196
3998,49448,49.448
3999,60645,60.645
4000,173443,173.443
4001,168037,168.037
4002,101692,101.692
4003,96060,96.06
4004,65914,65.914
4005,68163,68.163
4006,72007,72.007
4007,55219,55.219
4008,70133,70.133
4009,203838,203.838
4010,153865,153.865
4011,68849,68.849
4012,68285,68.285
4013,76213,76.213
4014,150647,150.647
4015,65901,65.901
4016,65674,65.674
4017,54515,54.515
4018,66316,66.316
4019,74454,74.454
4020,78055,78.055
4021,61168,61.168
4022,56801,56.801
4023,70128,70.128
4024,64899,64.899
4025,57160,57.16
4026,57775,57.775
4027,54914,54.914
4028,62909,62.909
4029,72370,72.37
4030,51429,51.429
4031,55122,55.122
4032,57475,57.475
4033,76169,76.169
4034,65624,65.624
4035,52693,52.693
4036,57993,57.993
4037,55132,55.132
4038,67271,67.271
4039,95891,95.891
4040,84986,84.986
4041,65352,65.352
4042,55588,55.588
4043,67281,67.281
4044,61469,61.469
4045,62003,62.003
4046,55989,55.989
4047,59232,59.232
4048,65098,65.098
4049,63103,63.103
4050,53534,53.534
4051,63636,63.636
4052,63793,63.793
4053,64647,64.647
4054,66808,66.808
4055,93826,93.826
4056,58635,58.635
4057,65129,65.129
4058,59839,59.839
4059,66246,66.246
4060,48890,48.89
4061,66565,66.565
4062,59658,59.658
4063,62741,62.741
4064,97631,97.631
4065,71541,71.541
4066,82604,82.604
4067,55786,55.786
4068,94349,94.349
4069,86874,86.874
4070,84801,84.801
4071,70851,70.851
4072,183292,183.292
4073,93224,93.224
4074,77660,77.66
4075,149962,149.962
4076,65114,65.114
4077,174851,174.851
4078,76534,76.534
4079,82618,82.618
4080,67680,67.68
4081,78108,78.108
4082,78325,78.325
4083,68017,68.017
4084,75813,75.813
4085,71920,71.92
4086,70909,70.909
4087,63741,63.741
4088,79621,79.621
4089,183475,183.475
4090,85034,85.034
4091,170715,170.715
4092,56907,56.907
4093,67140,67.14
4094,60329,60.329
4095,63107,63.107
4096,60583,60.583
4097,62441,62.441
4098,61429,61.429
4099,59104,59.104
4100,62125,62.125
4101,73485,73.485
4102,70345,70.345
4103,97272,97.272
4104,67015,67.015
4105,62510,62.51
4106,63162,63.162
4107,88848,88.848
4108,70347,70.347
4109,93337,93.337
4110,76886,76.886
4111,63162,63.162
4112,61770,61.77
4113,61731,61.731
4114,58224,58.224
4115,56559,56.559
4116,55354,55.354
4117,48723,48.723
4118,142836,142.836
4119,78677,78.677
4120,56475,56.475
4121,57611,57.611
4122,55393,55.393
4123,58868,58.868
4124,56751,56.751
4125,55872,55.872
4126,56586,56.586
4127,55962,55.962
4128,61771,61.771
4129,56759,56.759
4130,53192,53.192
4131,58686,58.686
4132,57122,57.122
4133,55840,55.84
4134,86382,86.382
4135,50656,50.656
4136,56033,56.033
4137,55716,55.716
4138,61142,61.142
4139,56343,56.343
4140,91281,91.281
4141,70390,70.39
4142,67334,67.334
4143,63874,63.874
4144,55762,55.762
4145,59675,59.675
4146,55366,55.366
4147,61592,61.592
4148,66879,66.879
4149,58042,58.042
4150,67083,67.083
4151,61328,61.328
4152,52692,52.692
4153,64925,64.925
4154,58265,58.265
4155,56062,56.062
4156,65851,65.851
4157,55420,55.42
4158,63947,63.947
4159,75162,75.162
4160,53234,53.234
4161,57775,57.775
4162,62402,62.402
4163,57058,57.058
4164,78809,78.809
4165,91298,91.298
4166,77839,77.839
4167,61944,61.944
4168,78982,78.982
4169,175311,175.311
4170,66887,66.887
4171,69694,69.694
4172,68421,68.421
4173,70289,70.289
4174,87351,87.351
4175,59218,59.218
4176,72437,72.437
4177,79690,79.69
4178,72799,72.799
4179,72773,72.773
4180,94014,94.014
4181,68361,68.361
4182,70339,70.339
4183,77450,77.45
4184,85637,85.637
4185,65030,65.03
4186,92755,92.755
4187,79372,79.372
4188,98082,98.082
4189,91458,91.458
4190,168259,168.259
4191,81704,81.704
4192,161942,161.942
4193,73520,73.52
4194,60764,60.764
4195,61805,61.805
4196,57353,57.353
4197,56620,56.62
4198,63530,63.53
4199,152807,152.807
4200,62946,62.946
4201,59049,59.049
4202,139335,139.335
4203,76593,76.593
4204,79808,79.808
4205,59652,59.652
4206,58207,58.207
4207,57762,57.762
4208,62604,62.604
4209,271379,271.379
4210,81598,81.598
4211,67077,67.077
4212,63763,63.763
4213,85669,85.669
4214,62850,62.85
4215,75120,75.12
4216,61389,61.389
4217,141118,141.118
4218,63477,63.477
4219,73195,73.195
4220,72534,72.534
4221,62352,62.352
4222,57334,57.334
4223,62135,62.135
4224,60069,60.069
4225,62641,62.641
4226,61487,61.487
4227,132377,132.377
4228,60399,60.399
4229,64922,64.922
4230,56778,56.778
4231,54804,54.804
4232,155445,155.445
4233,66060,66.06
4234,70105,70.105
4235,50221,50.221
4236,69836,69.836
4237,61571,61.571
4238,65007,65.007
4239,62536,62.536
4240,54907,54.907
4241,62092,62.092
4242,176692,176.692
4243,79418,79.418
4244,77817,77.817
4245,61650,61.65
4246,64221,64.221
4247,59833,59.833
4248,60373,60.373
4249,66311,66.311
4250,58524,58.524
4251,62541,62.541
4252,56627,56.627
4253,60665,60.665
4254,69059,69.059
4255,45037,45.037
4256,57996,57.996
4257,55303,55.303
4258,61349,61.349
4259,57931,57.931
4260,48042,48.042
4261,54764,54.764
4262,55215,55.215
4263,56400,56.4
4264,88615,88.615
4265,68551,68.551
4266,65037,65.037
4267,54398,54.398
4268,86042,86.042
4269,106465,106.465
4270,66106,66.106
4271,64486,64.486
4272,72919,72.919
4273,65946,65.946
4274,88322,88.322
4275,64220,64.22
4276,67077,67.077
4277,71864,71.864
4278,78758,78.758
4279,69247,69.247
4280,71181,71.181
4281,71865,71.865
4282,59242,59.242
4283,64474,64.474
4284,100545,100.545
4285,74090,74.09
4286,257261,257.261
4287,61964,61.964
4288,79406,79.406
4289,81491,81.491
4290,75572,75.572
4291,86824,86.824
4292,110410,110.41
4293,78914,78.914
4294,81552,81.552
4295,53229,53.229
4296,60744,60.744
4297,53425,53.425
4298,90003,90.003
4299,61607,61.607
4300,53573,53.573
4301,60968,60.968
4302,63114,63.114
4303,61306,61.306
4304,59637,59.637
4305,61408,61.408
4306,61465,61.465
4307,55140,55.14
4308,58207,58.207
4309,102307,102.307
4310,78691,78.691
4311,73978,73.978
4312,77369,77.369
4313,67557,67.557
4314,64480,64.48
4315,62401,62.401
4316,54385,54.385
4317,55745,55.745
4318,61373,61.373
4319,97754,97.754
4320,64558,64.558
4321,63398,63.398
4322,58855,58.855
4323,61673,61.673
4324,68760,68.76
4325,54392,54.392
4326,57064,57.064
4327,51175,51.175
4328,60770,60.77
4329,64690,64.69
4330,52915,52.915
4331,60233,60.233
4332,69613,69.613
4333,89316,89.316
4334,70605,70.605
4335,64337,64.337
4336,74642,74.642
4337,155547,155.547
4338,61899,61.899
4339,145962,145.962
4340,150870,150.87
4341,66172,66.172
4342,148156,148.156
4343,79013,79.013
4344,80129,80.129
4345,72061,72.061
4346,58972,58.972
4347,64253,64.253
4348,69519,69.519
4349,61249,61.249
4350,71315,71.315
4351,77893,77.893
4352,80656,80.656
4353,75092,75.092
4354,65833,65.833
4355,53324,53.324
4356,78921,78.921
4357,142768,142.768
4358,58415,58.415
4359,64279,64.279
4360,57034,57.034
4361,61880,61.88
4362,52613,52.613
4363,65362,65.362
4364,89507,89.507
4365,79659,79.659
4366,65426,65.426
4367,69451,69.451
4368,80246,80.246
4369,92427,92.427
4370,77987,77.987
4371,76281,76.281
4372,70452,70.452
4373,69688,69.688
4374,114060,114.06
4375,61438,61.438
4376,63680,63.68
4377,66294,66.294
4378,83522,83.522
4379,105058,105.058
4380,85419,85.419
4381,153214,153.214
4382,71005,71.005
4383,70086,70.086
4384,97002,97.002
4385,74674,74.674
4386,76065,76.065
4387,77232,77.232
4388,84921,84.921
4389,108460,108.46
4390,70987,70.987
4391,72000,72.0
4392,64935,64.935
4393,74951,74.951
4394,85493,85.493
4395,83942,83.942
4396,64275,64.275
4397,63726,63.726
4398,105243,105.243
4399,61740,61.74
4400,63595,63.595
4401,76330,76.33
4402,71141,71.141
4403,75866,75.866
4404,64690,64.69
4405,133328,133.328
4406,59086,59.086
4407,56592,56.592
4408,89746,89.746
4409,74134,74.134
4410,82621,82.621
4411,72272,72.272
4412,72549,72.549
4413,87690,87.69
4414,79720,79.72
4415,137732,137.732
4416,56160,56.16
4417,53302,53.302
4418,150812,150.812
4419,94199,94.199
4420,69234,69.234
4421,56398,56.398
4422,56293,56.293
4423,58036,58.036
4424,62624,62.624
4425,140968,140.968
4426,57742,57.742
4427,56025,56.025
4428,58769,58.769
4429,59382,59.382
4430,133523,133.523
4431,58188,58.188
4432,55542,55.542
4433,61081,61.081
4434,58474,58.474
4435,50931,50.931
4436,55935,55.935
4437,51835,51.835
4438,62223,62.223
4439,82553,82.553
4440,63952,63.952
4441,54997,54.997
4442,57048,57.048
4443,56010,56.01
4444,164191,164.191
4445,74749,74.749
4446,72924,72.924
4447,60011,60.011
4448,62692,62.692
4449,56532,56.532
4450,58574,58.574
4451,58298,58.298
4452,143692,143.692
4453,65279,65.279
4454,56574,56.574
4455,52223,52.223
4456,134830,134.83
4457,43634,43.634
4458,64946,64.946
4459,71179,71.179
4460,56186,56.186
4461,50719,50.719
4462,41790,41.79
4463,134346,134.346
4464,73177,73.177
4465,65490,65.49
4466,60667,60.667
4467,59982,59.982
4468,74500,74.5
4469,78924,78.924
4470,75346,75.346
4471,147078,147.078
4472,69476,69.476
4473,63402,63.402
4474,58305,58.305
4475,59202,59.202
4476,66153,66.153
4477,73912,73.912
4478,81715,81.715
4479,99431,99.431
4480,78100,78.1
4481,75524,75.524
4482,63351,63.351
4483,59044,59.044
4484,81458,81.458
4485,73081,73.081
4486,75004,75.004
4487,63117,63.117
4488,83616,83.616
4489,77162,77.162
4490,74544,74.544
4491,70539,70.539
4492,66082,66.082
4493,58145,58.145
4494,105031,105.031
4495,92090,92.09
4496,66952,66.952
4497,65449,65.449
4498,73291,73.291
4499,88283,88.283
4500,57850,57.85
4501,65223,65.223
4502,59436,59.436
4503,57252,57.252
4504,52016,52.016
4505,45336,45.336
4506,52738,52.738
4507,50276,50.276
4508,81939,81.939
4509,95248,95.248
4510,73200,73.2
4511,152821,152.821
4512,64734,64.734
4513,65278,65.278
4514,168287,168.287
4515,65651,65.651
4516,79728,79.728
4517,75552,75.552
4518,81846,81.846
4519,96111,96.111
4520,79474,79.474
4521,83812,83.812
4522,59603,59.603
4523,80996,80.996
4524,86041,86.041
4525,69515,69.515
4526,67882,67.882
4527,63320,63.32
4528,63450,63.45
4529,65113,65.113
4530,61925,61.925
4531,68062,68.062
4532,59541,59.541
4533,91380,91.38
4534,86514,86.514
4535,69411,69.411
4536,67800,67.8
4537,63269,63.269
4538,64986,64.986
4539,117512,117.512
4540,68667,68.667
4541,61368,61.368
4542,62213,62.213
4543,73499,73.499
4544,88524,88.524
4545,79294,79.294
4546,81065,81.065
4547,70915,70.915
4548,79360,79.36
4549,121247,121.247
4550,72502,72.502
4551,69454,69.454
4552,64200,64.2
4553,73881,73.881
4554,72796,72.796
4555,70194,70.194
4556,57342,57.342
4557,56575,56.575
4558,79134,79.134
4559,153643,153.643
4560,59000,59.0
4561,53513,53.513
4562,52210,52.21
4563,54222,54.222
4564,92598,92.598
4565,69199,69.199
4566,68227,68.227
4567,59092,59.092
4568,71855,71.855
4569,223864,223.864
4570,76639,76.639
4571,70370,70.37
4572,66980,66.98
4573,59241,59.241
4574,90204,90.204
4575,61572,61.572
4576,64428,64.428
4577,59569,59.569
4578,86258,86.258
4579,113242,113.242
4580,71892,71.892
4581,77394,77.394
4582,65135,65.135
4583,64363,64.363
4584,65025,65.025
4585,75177,75.177
4586,73281,73.281
4587,76083,76.083
4588,73203,73.203
4589,80597,80.597
4590,83168,83.168
4591,73129,73.129
4592,66096,66.096
4593,67670,67.67
4594,88063,88.063
4595,62856,62.856
4596,77544,77.544
4597,83505,83.505
4598,79052,79.052
4599,85299,85.299
4600,80492,80.492
4601,63641,63.641
4602,69850,69.85
4603,72079,72.079
4604,76197,76.197
4605,61316,61.316
4606,58598,58.598
4607,98639,98.639
4608,75734,75.734
4609,96747,96.747
4610,81564,81.564
4611,67348,67.348
4612,59199,59.199
4613,64160,64.16
4614,158254,158.254
4615,52456,52.456
4616,71768,71.768
4617,62705,62.705
4618,66785,66.785
4619,89227,89.227
4620,63434,63.434
4621,67180,67.18
4622,57681,57.681
4623,66476,66.476
4624,73085,73.085
4625,57479,57.479
4626,61079,61.079
4627,61078,61.078
4628,64114,64.114
4629,93668,93.668
4630,55967,55.967
4631,140995,140.995
4632,49356,49.356
4633,63369,63.369
4634,58862,58.862
4635,54263,54.263
4636,55071,55.071
4637,53458,53.458
4638,63549,63.549
4639,70590,70.59
4640,65487,65.487
4641,70576,70.576
4642,70678,70.678
4643,63972,63.972
4644,66611,66.611
4645,57170,57.17
4646,54682,54.682
4647,131268,131.268
4648,68463,68.463
4649,66428,66.428
4650,64953,64.953
4651,56552,56.552
4652,44126,44.126
4653,52609,52.609
4654,46259,46.259
4655,44866,44.866
4656,49574,49.574
4657,44118,44.118
4658,53576,53.576
4659,51200,51.2
4660,46446,46.446
4661,45176,45.176
4662,50315,50.315
4663,48375,48.375
4664,105458,105.458
4665,51381,51.381
4666,54325,54.325
4667,50980,50.98
4668,63304,63.304
4669,69308,69.308
4670,61199,61.199
4671,82184,82.184
4672,69700,69.7
4673,48685,48.685
4674,91183,91.183
4675,58988,58.988
4676,56079,56.079
4677,43186,43.186
4678,66049,66.049
4679,178827,178.827
4680,65549,65.549
4681,67653,67.653
4682,53366,53.366
4683,51421,51.421
4684,56340,56.34
4685,91286,91.286
4686,66449,66.449
4687,58839,58.839
4688,62933,62.933
4689,75759,75.759
4690,69658,69.658
4691,67211,67.211
4692,52463,52.463
4693,63417,63.417
4694,61266,61.266
4695,49692,49.692
4696,57305,57.305
4697,62985,62.985
4698,82367,82.367
4699,87937,87.937
4700,59056,59.056
4701,55152,55.152
4702,105290,105.29
4703,66886,66.886
4704,61973,61.973
4705,43966,43.966
4706,44021,44.021
4707,43726,43.726
4708,54596,54.596
4709,75190,75.19
4710,78358,78.358
4711,62660,62.66
4712,56472,56.472
4713,56967,56.967
4714,117246,117.246
4715,43857,43.857
4716,47878,47.878
4717,39650,39.65
4718,112888,112.888
4719,82560,82.56
4720,66588,66.588
4721,52069,52.069
4722,49403,49.403
4723,49631,49.631
4724,46716,46.716
4725,43722,43.722
4726,49190,49.19
4727,42879,42.879
4728,102841,102.841
4729,64590,64.59
4730,40688,40.688
4731,48879,48.879
4732,45577,45.577
4733,49129,49.129
4734,47545,47.545
4735,39867,39.867
4736,43700,43.7
4737,41554,41.554
4738,107913,107.913
4739,59680,59.68
4740,51407,51.407
4741,48275,48.275
4742,46696,46.696
4743,53557,53.557
4744,48198,48.198
4745,51036,51.036
4746,52952,52.952
4747,50514,50.514
4748,60687,60.687
4749,84594,84.594
4750,57576,57.576
4751,53575,53.575
4752,44278,44.278
4753,50218,50.218
4754,98244,98.244
4755,43777,43.777
4756,55028,55.028
4757,42213,42.213
4758,52798,52.798
4759,49864,49.864
4760,63213,63.213
4761,98246,98.246
4762,43777,43.777
4763,45557,45.557
4764,47098,47.098
4765,71056,71.056
4766,62025,62.025
4767,49971,49.971
4768,64419,64.419
4769,98299,98.299
4770,61666,61.666
4771,68950,68.95
4772,58982,58.982
4773,61517,61.517
4774,61626,61.626
4775,78389,78.389
4776,61950,61.95
4777,47056,47.056
4778,91733,91.733
4779,94978,94.978
4780,123847,123.847
4781,63671,63.671
4782,46128,46.128
4783,51235,51.235
4784,52621,52.621
4785,68439,68.439
4786,68768,68.768
4787,50720,50.72
4788,66052,66.052
4789,60124,60.124
4790,65866,65.866
4791,68936,68.936
4792,44091,44.091
4793,50361,50.361
4794,115889,115.889
4795,42778,42.778
4796,67211,67.211
4797,42221,42.221
4798,58476,58.476
4799,75298,75.298
4800,341979,341.979
4801,60239,60.239
4802,46134,46.134
4803,51248,51.248
4804,49275,49.275
4805,46885,46.885
4806,55378,55.378
4807,40305,40.305
4808,60643,60.643
4809,66977,66.977
4810,68745,68.745
4811,68490,68.49
4812,45774,45.774
4813,55998,55.998
4814,49175,49.175
4815,47740,47.74
4816,51974,51.974
4817,43966,43.966
4818,59046,59.046
4819,119562,119.562
4820,44282,44.282
4821,63833,63.833
4822,56864,56.864
4823,68544,68.544
4824,46638,46.638
4825,42665,42.665
4826,49965,49.965
4827,113458,113.458
4828,50690,50.69
4829,47335,47.335
4830,105250,105.25
4831,49208,49.208
4832,41888,41.888
4833,47412,47.412
4834,45979,45.979
4835,44858,44.858
4836,49718,49.718
4837,44158,44.158
4838,52726,52.726
4839,44912,44.912
4840,55858,55.858
4841,52505,52.505
4842,54371,54.371
4843,48922,48.922
4844,45483,45.483
4845,53922,53.922
4846,55380,55.38
4847,43435,43.435
4848,71935,71.935
4849,50320,50.32
4850,82404,82.404
4851,87731,87.731
4852,48479,48.479
4853,52354,52.354
4854,49386,49.386
4855,44283,44.283
4856,51089,51.089
4857,40249,40.249
4858,49026,49.026
4859,44176,44.176
4860,56152,56.152
4861,48540,48.54
4862,39899,39.899
4863,55873,55.873
4864,67861,67.861
4865,64748,64.748
4866,56550,56.55
4867,51141,51.141
4868,60429,60.429
4869,81140,81.14
4870,59758,59.758
4871,81144,81.144
4872,46505,46.505
4873,46608,46.608
4874,46639,46.639
4875,55506,55.506
4876,59953,59.953
4877,48596,48.596
4878,65755,65.755
4879,63159,63.159
4880,70474,70.474
4881,68207,68.207
4882,46903,46.903
4883,101290,101.29
4884,48111,48.111
4885,63082,63.082
4886,65962,65.962
4887,60636,60.636
4888,64963,64.963
4889,48812,48.812
4890,70249,70.249
4891,71239,71.239
4892,49292,49.292
4893,53605,53.605
4894,51008,51.008
4895,48271,48.271
4896,51172,51.172
4897,40457,40.457
4898,70203,70.203
4899,69020,69.02
4900,73553,73.553
4901,80664,80.664
4902,78442,78.442
4903,64772,64.772
4904,59366,59.366
4905,57091,57.091
4906,46750,46.75
4907,41587,41.587
4908,60354,60.354
4909,66860,66.86
4910,74535,74.535
4911,62745,62.745
4912,45111,45.111
4913,52561,52.561
4914,58783,58.783
4915,54147,54.147
4916,52351,52.351
4917,48848,48.848
4918,53328,53.328
4919,67058,67.058
4920,56866,56.866
4921,52808,52.808
4922,53081,53.081
4923,49750,49.75
4924,45093,45.093
4925,47494,47.494
4926,51789,51.789
4927,90015,90.015
4928,48077,48.077
4929,42724,42.724
4930,42608,42.608
4931,48500,48.5
4932,39722,39.722
4933,46406,46.406
4934,41616,41.616
4935,46349,46.349
4936,118674,118.674
4937,40288,40.288
4938,58485,58.485
4939,45515,45.515
4940,57996,57.996
4941,55364,55.364
4942,47466,47.466
4943,49524,49.524
4944,60261,60.261
4945,53003,53.003
4946,53954,53.954
4947,43249,43.249
4948,69388,69.388
4949,59069,59.069
4950,56280,56.28
4951,69493,69.493
4952,70166,70.166
4953,64387,64.387
4954,57089,57.089
4955,45723,45.723
4956,49033,49.033
4957,40982,40.982
4958,103599,103.599
4959,46152,46.152
4960,44031,44.031
4961,45933,45.933
4962,41458,41.458
4963,46108,46.108
4964,43690,43.69
4965,62735,62.735
4966,62310,62.31
4967,54081,54.081
4968,67929,67.929
4969,80677,80.677
4970,65020,65.02
4971,65888,65.888
4972,51400,51.4
4973,47129,47.129
4974,72732,72.732
4975,46776,46.776
4976,58003,58.003
4977,46095,46.095
4978,65419,65.419
4979,50464,50.464
4980,66678,66.678
4981,65878,65.878
4982,48065,48.065
4983,49149,49.149
4984,62405,62.405
4985,74075,74.075
4986,73305,73.305
4987,47174,47.174
4988,62957,62.957
4989,67134,67.134
4990,69547,69.547
4991,74041,74.041
4992,50357,50.357
4993,53938,53.938
4994,39916,39.916
4995,53178,53.178
4996,67052,67.052
4997,51112,51.112
4998,49294,49.294
4999,104347,104.347
5000,80266,80.266
