packet_counter,encrypt_time_ns,encrypt_time_us
1,1326037,1326.037
2,117924,117.924
3,171193,171.193
4,393697,393.697
5,89825,89.825
6,78803,78.803
7,243308,243.308
8,112352,112.352
9,89996,89.996
10,121447,121.447
11,104459,104.459
12,133711,133.711
13,110462,110.462
14,148021,148.021
15,160547,160.547
16,96646,96.646
17,109601,109.601
18,93222,93.222
19,86351,86.351
20,309838,309.838
21,74143,74.143
22,85934,85.934
23,125138,125.138
24,71268,71.268
25,79026,79.026
26,63629,63.629
27,79591,79.591
28,99798,99.798
29,97786,97.786
30,343111,343.111
31,66050,66.05
32,86669,86.669
33,91553,91.553
34,108895,108.895
35,127685,127.685
36,102196,102.196
37,423957,423.957
38,145108,145.108
39,111286,111.286
40,93600,93.6
41,149618,149.618
42,117475,117.475
43,127728,127.728
44,113243,113.243
45,162305,162.305
46,94610,94.61
47,99771,99.771
48,111488,111.488
49,130038,130.038
50,148784,148.784
51,107278,107.278
52,106975,106.975
53,102534,102.534
54,81783,81.783
55,92149,92.149
56,273819,273.819
57,111653,111.653
58,104354,104.354
59,136463,136.463
60,77133,77.133
61,70551,70.551
62,76194,76.194
63,101197,101.197
64,61716,61.716
65,70672,70.672
66,77017,77.017
67,111719,111.719
68,126187,126.187
69,348930,348.93
70,99325,99.325
71,95666,95.666
72,121990,121.99
73,124493,124.493
74,76252,76.252
75,100219,100.219
76,105871,105.871
77,156789,156.789
78,347415,347.415
79,133451,133.451
80,122676,122.676
81,97110,97.11
82,134190,134.19
83,168567,168.567
84,151447,151.447
85,427464,427.464
86,90102,90.102
87,136999,136.999
88,170241,170.241
89,127999,127.999
90,173026,173.026
91,118558,118.558
92,119549,119.549
93,193791,193.791
94,109347,109.347
95,136290,136.29
96,142975,142.975
97,112188,112.188
98,108849,108.849
99,115833,115.833
100,103487,103.487
101,339563,339.563
102,148017,148.017
103,128488,128.488
104,74156,74.156
105,79573,79.573
106,71022,71.022
107,87496,87.496
108,102391,102.391
109,76914,76.914
110,94783,94.783
111,135617,135.617
112,174226,174.226
113,76428,76.428
114,67880,67.88
115,217652,217.652
116,114200,114.2
117,127029,127.029
118,466013,466.013
119,86857,86.857
120,101163,101.163
121,85664,85.664
122,127351,127.351
123,129800,129.8
124,79007,79.007
125,88019,88.019
126,86125,86.125
127,98473,98.473
128,96780,96.78
129,101838,101.838
130,85232,85.232
131,93062,93.062
132,452553,452.553
133,215218,215.218
134,123961,123.961
135,132380,132.38
136,156337,156.337
137,113928,113.928
138,321238,321.238
139,91593,91.593
140,117447,117.447
141,101443,101.443
142,108449,108.449
143,125484,125.484
144,102356,102.356
145,122009,122.009
146,104182,104.182
147,145298,145.298
148,92554,92.554
149,416763,416.763
150,115632,115.632
151,99889,99.889
152,121808,121.808
153,92581,92.581
154,93424,93.424
155,90676,90.676
156,91012,91.012
157,187674,187.674
158,238820,238.82
159,104280,104.28
160,290307,290.307
161,263978,263.978
162,67668,67.668
163,92492,92.492
164,116822,116.822
165,91309,91.309
166,288182,288.182
167,106125,106.125
168,222404,222.404
169,88072,88.072
170,108204,108.204
171,96084,96.084
172,71487,71.487
173,81464,81.464
174,65490,65.49
175,50188,50.188
176,70142,70.142
177,85620,85.62
178,294047,294.047
179,163403,163.403
180,115250,115.25
181,119944,119.944
182,136687,136.687
183,241340,241.34
184,65184,65.184
185,95410,95.41
186,69125,69.125
187,119015,119.015
188,102082,102.082
189,118532,118.532
190,146302,146.302
191,76409,76.409
192,171144,171.144
193,106330,106.33
194,90138,90.138
195,121073,121.073
196,75075,75.075
197,226053,226.053
198,153785,153.785
199,91551,91.551
200,96904,96.904
201,63561,63.561
202,72883,72.883
203,109221,109.221
204,80169,80.169
205,64000,64.0
206,63660,63.66
207,80848,80.848
208,103137,103.137
209,75665,75.665
210,98473,98.473
211,79567,79.567
212,92428,92.428
213,137019,137.019
214,73259,73.259
215,138823,138.823
216,112113,112.113
217,82010,82.01
218,77529,77.529
219,92792,92.792
220,60995,60.995
221,74811,74.811
222,97847,97.847
223,82849,82.849
224,64312,64.312
225,119965,119.965
226,78178,78.178
227,76553,76.553
228,78192,78.192
229,60236,60.236
230,66172,66.172
231,75976,75.976
232,195593,195.593
233,123343,123.343
234,67817,67.817
235,77671,77.671
236,67287,67.287
237,74183,74.183
238,73315,73.315
239,55860,55.86
240,98787,98.787
241,76206,76.206
242,83432,83.432
243,66908,66.908
244,132545,132.545
245,76199,76.199
246,71886,71.886
247,82979,82.979
248,113036,113.036
249,116019,116.019
250,122994,122.994
251,97370,97.37
252,89717,89.717
253,86190,86.19
254,99448,99.448
255,165442,165.442
256,131455,131.455
257,93462,93.462
258,105216,105.216
259,69284,69.284
260,92938,92.938
261,64296,64.296
262,60455,60.455
263,58738,58.738
264,57938,57.938
265,71365,71.365
266,70637,70.637
267,154603,154.603
268,109534,109.534
269,161831,161.831
270,98415,98.415
271,135856,135.856
272,111496,111.496
273,122308,122.308
274,73505,73.505
275,64358,64.358
276,257346,257.346
277,77832,77.832
278,71854,71.854
279,148913,148.913
280,161496,161.496
281,119434,119.434
282,105371,105.371
283,129955,129.955
284,141846,141.846
285,88454,88.454
286,210551,210.551
287,120211,120.211
288,158186,158.186
289,120804,120.804
290,547284,547.284
291,75043,75.043
292,101410,101.41
293,226421,226.421
294,87861,87.861
295,74335,74.335
296,65532,65.532
297,141971,141.971
298,122491,122.491
299,102915,102.915
300,226360,226.36
301,106188,106.188
302,127988,127.988
303,91722,91.722
304,64700,64.7
305,86325,86.325
306,71468,71.468
307,139209,139.209
308,109937,109.937
309,83958,83.958
310,90611,90.611
311,84121,84.121
312,81684,81.684
313,138151,138.151
314,76526,76.526
315,92123,92.123
316,80922,80.922
317,71530,71.53
318,64596,64.596
319,138004,138.004
320,103308,103.308
321,87263,87.263
322,89773,89.773
323,77561,77.561
324,62956,62.956
325,136053,136.053
326,61131,61.131
327,64658,64.658
328,73590,73.59
329,70051,70.051
330,74454,74.454
331,71609,71.609
332,77976,77.976
333,81854,81.854
334,137969,137.969
335,89037,89.037
336,81841,81.841
337,80111,80.111
338,83594,83.594
339,89785,89.785
340,74695,74.695
341,55987,55.987
342,71061,71.061
343,163486,163.486
344,113014,113.014
345,76581,76.581
346,80471,80.471
347,72518,72.518
348,80105,80.105
349,60220,60.22
350,145841,145.841
351,140984,140.984
352,87996,87.996
353,77923,77.923
354,154448,154.448
355,69985,69.985
356,65307,65.307
357,65290,65.29
358,79576,79.576
359,96419,96.419
360,75457,75.457
361,134076,134.076
362,77956,77.956
363,96976,96.976
364,68573,68.573
365,127429,127.429
366,72055,72.055
367,149302,149.302
368,123781,123.781
369,78531,78.531
370,97806,97.806
371,72398,72.398
372,85717,85.717
373,66686,66.686
374,88521,88.521
375,68489,68.489
376,67038,67.038
377,86300,86.3
378,107541,107.541
379,113697,113.697
380,156668,156.668
381,75494,75.494
382,143317,143.317
383,182530,182.53
384,77077,77.077
385,67684,67.684
386,83840,83.84
387,99862,99.862
388,105578,105.578
389,105597,105.597
390,110951,110.951
391,97643,97.643
392,125178,125.178
393,112064,112.064
394,98813,98.813
395,170690,170.69
396,86341,86.341
397,101517,101.517
398,187281,187.281
399,152443,152.443
400,66744,66.744
401,67998,67.998
402,145727,145.727
403,132644,132.644
404,83377,83.377
405,102419,102.419
406,75536,75.536
407,73906,73.906
408,85949,85.949
409,69276,69.276
410,70143,70.143
411,70647,70.647
412,70884,70.884
413,66597,66.597
414,66810,66.81
415,75290,75.29
416,75666,75.666
417,102694,102.694
418,69227,69.227
419,75176,75.176
420,79968,79.968
421,100591,100.591
422,88331,88.331
423,74437,74.437
424,83233,83.233
425,89223,89.223
426,109605,109.605
427,82990,82.99
428,74013,74.013
429,74739,74.739
430,127898,127.898
431,91992,91.992
432,92815,92.815
433,109790,109.79
434,118545,118.545
435,83817,83.817
436,101057,101.057
437,65396,65.396
438,126321,126.321
439,60791,60.791
440,83858,83.858
441,59225,59.225
442,88039,88.039
443,74551,74.551
444,69722,69.722
445,86712,86.712
446,73553,73.553
447,98191,98.191
448,119608,119.608
449,89788,89.788
450,86994,86.994
451,85937,85.937
452,82792,82.792
453,175632,175.632
454,82210,82.21
455,75889,75.889
456,137849,137.849
457,86909,86.909
458,69244,69.244
459,78647,78.647
460,83369,83.369
461,77255,77.255
462,79133,79.133
463,150324,150.324
464,141448,141.448
465,73926,73.926
466,80837,80.837
467,130334,130.334
468,97377,97.377
469,87865,87.865
470,147506,147.506
471,78436,78.436
472,84215,84.215
473,144526,144.526
474,81696,81.696
475,80634,80.634
476,136752,136.752
477,81644,81.644
478,157215,157.215
479,167837,167.837
480,134956,134.956
481,78712,78.712
482,164923,164.923
483,149265,149.265
484,86986,86.986
485,72714,72.714
486,68697,68.697
487,126336,126.336
488,95960,95.96
489,102709,102.709
490,174445,174.445
491,82644,82.644
492,142543,142.543
493,189264,189.264
494,84727,84.727
495,92854,92.854
496,79298,79.298
497,73620,73.62
498,402749,402.749
499,147922,147.922
500,109487,109.487
501,78042,78.042
502,182702,182.702
503,221719,221.719
504,150442,150.442
505,82786,82.786
506,103051,103.051
507,68787,68.787
508,52382,52.382
509,155869,155.869
510,81542,81.542
511,83411,83.411
512,104627,104.627
513,80001,80.001
514,85757,85.757
515,77249,77.249
516,73022,73.022
517,71417,71.417
518,102544,102.544
519,77145,77.145
520,83316,83.316
521,75141,75.141
522,95772,95.772
523,61457,61.457
524,82246,82.246
525,92364,92.364
526,64334,64.334
527,135941,135.941
528,74051,74.051
529,75773,75.773
530,66289,66.289
531,68434,68.434
532,146989,146.989
533,93723,93.723
534,139158,139.158
535,106251,106.251
536,81687,81.687
537,97676,97.676
538,73546,73.546
539,66547,66.547
540,65787,65.787
541,72010,72.01
542,157139,157.139
543,190058,190.058
544,95649,95.649
545,151997,151.997
546,423724,423.724
547,88360,88.36
548,84891,84.891
549,163217,163.217
550,136739,136.739
551,81273,81.273
552,174498,174.498
553,102184,102.184
554,94108,94.108
555,148728,148.728
556,79272,79.272
557,74788,74.788
558,94684,94.684
559,84726,84.726
560,175159,175.159
561,135235,135.235
562,78118,78.118
563,65736,65.736
564,74840,74.84
565,71109,71.109
566,57383,57.383
567,95138,95.138
568,114450,114.45
569,112683,112.683
570,118610,118.61
571,62509,62.509
572,113457,113.457
573,110182,110.182
574,134158,134.158
575,66649,66.649
576,78570,78.57
577,98083,98.083
578,191039,191.039
579,108597,108.597
580,131492,131.492
581,102097,102.097
582,139494,139.494
583,88755,88.755
584,88084,88.084
585,126929,126.929
586,72667,72.667
587,112531,112.531
588,82539,82.539
589,153955,153.955
590,104476,104.476
591,93740,93.74
592,110684,110.684
593,80209,80.209
594,105843,105.843
595,85982,85.982
596,87359,87.359
597,101175,101.175
598,87521,87.521
599,127359,127.359
600,118815,118.815
601,91467,91.467
602,115943,115.943
603,93496,93.496
604,68564,68.564
605,68835,68.835
606,144588,144.588
607,113201,113.201
608,166828,166.828
609,86547,86.547
610,98332,98.332
611,95759,95.759
612,74661,74.661
613,138678,138.678
614,67823,67.823
615,99826,99.826
616,81096,81.096
617,106267,106.267
618,143259,143.259
619,85728,85.728
620,171618,171.618
621,109147,109.147
622,88359,88.359
623,81097,81.097
624,96550,96.55
625,82194,82.194
626,92628,92.628
627,99683,99.683
628,81302,81.302
629,84768,84.768
630,121429,121.429
631,76833,76.833
632,197649,197.649
633,159749,159.749
634,81568,81.568
635,103847,103.847
636,99880,99.88
637,79465,79.465
638,93162,93.162
639,86003,86.003
640,76942,76.942
641,78936,78.936
642,89598,89.598
643,82928,82.928
644,84321,84.321
645,95223,95.223
646,76129,76.129
647,160159,160.159
648,67262,67.262
649,68507,68.507
650,93960,93.96
651,56600,56.6
652,84102,84.102
653,83598,83.598
654,70284,70.284
655,102342,102.342
656,98928,98.928
657,147618,147.618
658,101612,101.612
659,104038,104.038
660,76752,76.752
661,70983,70.983
662,88920,88.92
663,74382,74.382
664,81327,81.327
665,137399,137.399
666,159508,159.508
667,110515,110.515
668,102477,102.477
669,91206,91.206
670,123677,123.677
671,1162220,1162.22
672,89473,89.473
673,99115,99.115
674,70870,70.87
675,65974,65.974
676,79920,79.92
677,109384,109.384
678,71969,71.969
679,93826,93.826
680,101211,101.211
681,78901,78.901
682,106866,106.866
683,76446,76.446
684,76318,76.318
685,113565,113.565
686,91621,91.621
687,102627,102.627
688,74503,74.503
689,109383,109.383
690,126736,126.736
691,78727,78.727
692,129237,129.237
693,70939,70.939
694,84095,84.095
695,66783,66.783
696,66030,66.03
697,123053,123.053
698,87349,87.349
699,128458,128.458
700,132815,132.815
701,75186,75.186
702,112333,112.333
703,67440,67.44
704,303668,303.668
705,83451,83.451
706,78052,78.052
707,64281,64.281
708,188779,188.779
709,113040,113.04
710,99033,99.033
711,99853,99.853
712,92887,92.887
713,82286,82.286
714,141523,141.523
715,151488,151.488
716,135636,135.636
717,107589,107.589
718,69006,69.006
719,88117,88.117
720,72819,72.819
721,78551,78.551
722,113537,113.537
723,61291,61.291
724,94794,94.794
725,98244,98.244
726,72548,72.548
727,92429,92.429
728,208896,208.896
729,160816,160.816
730,139787,139.787
731,70483,70.483
732,78947,78.947
733,57922,57.922
734,81096,81.096
735,155009,155.009
736,70802,70.802
737,129183,129.183
738,66481,66.481
739,80354,80.354
740,107451,107.451
741,85793,85.793
742,74001,74.001
743,68042,68.042
744,78487,78.487
745,79089,79.089
746,76683,76.683
747,74748,74.748
748,73622,73.622
749,88576,88.576
750,75341,75.341
751,58718,58.718
752,111216,111.216
753,79768,79.768
754,83428,83.428
755,95377,95.377
756,69748,69.748
757,120969,120.969
758,58939,58.939
759,124169,124.169
760,107278,107.278
761,106167,106.167
762,151485,151.485
763,62971,62.971
764,139101,139.101
765,71440,71.44
766,120718,120.718
767,154460,154.46
768,137266,137.266
769,195079,195.079
770,149380,149.38
771,112318,112.318
772,89853,89.853
773,89726,89.726
774,79657,79.657
775,131990,131.99
776,114508,114.508
777,93368,93.368
778,134559,134.559
779,109311,109.311
780,129230,129.23
781,149460,149.46
782,148468,148.468
783,100898,100.898
784,81289,81.289
785,84029,84.029
786,74841,74.841
787,139156,139.156
788,104102,104.102
789,126174,126.174
790,241466,241.466
791,119385,119.385
792,106969,106.969
793,87793,87.793
794,75972,75.972
795,93471,93.471
796,73601,73.601
797,76596,76.596
798,84956,84.956
799,285992,285.992
800,111254,111.254
801,95443,95.443
802,81148,81.148
803,74050,74.05
804,108933,108.933
805,72364,72.364
806,68820,68.82
807,65912,65.912
808,70780,70.78
809,126105,126.105
810,129309,129.309
811,255224,255.224
812,85249,85.249
813,74171,74.171
814,109450,109.45
815,106921,106.921
816,148923,148.923
817,84451,84.451
818,71586,71.586
819,73974,73.974
820,90428,90.428
821,124853,124.853
822,91225,91.225
823,113674,113.674
824,62807,62.807
825,87105,87.105
826,76002,76.002
827,74802,74.802
828,102016,102.016
829,94758,94.758
830,79203,79.203
831,82149,82.149
832,94136,94.136
833,79152,79.152
834,78760,78.76
835,144144,144.144
836,151844,151.844
837,146887,146.887
838,78029,78.029
839,84920,84.92
840,73728,73.728
841,68472,68.472
842,79010,79.01
843,74128,74.128
844,213101,213.101
845,81023,81.023
846,80835,80.835
847,94326,94.326
848,93185,93.185
849,177755,177.755
850,97481,97.481
851,78096,78.096
852,83283,83.283
853,65899,65.899
854,141888,141.888
855,137812,137.812
856,204186,204.186
857,87967,87.967
858,137128,137.128
859,72268,72.268
860,76630,76.63
861,142789,142.789
862,81293,81.293
863,82294,82.294
864,107061,107.061
865,73110,73.11
866,75404,75.404
867,100824,100.824
868,179536,179.536
869,118138,118.138
870,141187,141.187
871,62469,62.469
872,91025,91.025
873,129370,129.37
874,76654,76.654
875,75930,75.93
876,301570,301.57
877,107792,107.792
878,92606,92.606
879,117820,117.82
880,131805,131.805
881,93892,93.892
882,100360,100.36
883,110948,110.948
884,89884,89.884
885,87119,87.119
886,142584,142.584
887,98763,98.763
888,100411,100.411
889,133749,133.749
890,189579,189.579
891,93306,93.306
892,135336,135.336
893,84244,84.244
894,146707,146.707
895,81174,81.174
896,89855,89.855
897,73624,73.624
898,98412,98.412
899,129701,129.701
900,85900,85.9
901,154575,154.575
902,103109,103.109
903,88814,88.814
904,94246,94.246
905,68346,68.346
906,84121,84.121
907,68835,68.835
908,75011,75.011
909,110695,110.695
910,98015,98.015
911,82240,82.24
912,151986,151.986
913,63359,63.359
914,75116,75.116
915,74690,74.69
916,65901,65.901
917,104513,104.513
918,129375,129.375
919,79639,79.639
920,112264,112.264
921,87063,87.063
922,77108,77.108
923,90016,90.016
924,110696,110.696
925,65767,65.767
926,62137,62.137
927,69509,69.509
928,136133,136.133
929,93071,93.071
930,84799,84.799
931,90434,90.434
932,96970,96.97
933,60513,60.513
934,79141,79.141
935,75472,75.472
936,71377,71.377
937,72126,72.126
938,66582,66.582
939,75986,75.986
940,92968,92.968
941,116414,116.414
942,78764,78.764
943,63937,63.937
944,85856,85.856
945,145174,145.174
946,83785,83.785
947,100122,100.122
948,75114,75.114
949,63755,63.755
950,97988,97.988
951,58741,58.741
952,77260,77.26
953,129384,129.384
954,155648,155.648
955,215062,215.062
956,185325,185.325
957,137411,137.411
958,171313,171.313
959,155496,155.496
960,124844,124.844
961,110987,110.987
962,191211,191.211
963,130876,130.876
964,89215,89.215
965,65185,65.185
966,65842,65.842
967,92895,92.895
968,80584,80.584
969,96796,96.796
970,131193,131.193
971,69383,69.383
972,125567,125.567
973,77644,77.644
974,87705,87.705
975,78321,78.321
976,139306,139.306
977,87968,87.968
978,79317,79.317
979,104931,104.931
980,102429,102.429
981,93247,93.247
982,149560,149.56
983,88701,88.701
984,101760,101.76
985,85165,85.165
986,159631,159.631
987,154970,154.97
988,90850,90.85
989,129699,129.699
990,234481,234.481
991,122793,122.793
992,129568,129.568
993,96390,96.39
994,155923,155.923
995,88994,88.994
996,76076,76.076
997,78969,78.969
998,201017,201.017
999,160813,160.813
1000,134551,134.551
1001,193055,193.055
1002,381625,381.625
1003,122745,122.745
1004,125994,125.994
1005,162303,162.303
1006,94284,94.284
1007,121599,121.599
1008,91624,91.624
1009,127296,127.296
1010,96550,96.55
1011,98534,98.534
1012,94390,94.39
1013,88963,88.963
1014,114500,114.5
1015,87191,87.191
1016,67138,67.138
1017,76369,76.369
1018,84739,84.739
1019,283380,283.38
1020,120552,120.552
1021,86707,86.707
1022,87351,87.351
1023,113609,113.609
1024,93540,93.54
1025,77920,77.92
1026,81693,81.693
1027,85581,85.581
1028,71681,71.681
1029,145628,145.628
1030,97960,97.96
1031,86005,86.005
1032,117847,117.847
1033,114734,114.734
1034,100122,100.122
1035,111555,111.555
1036,117518,117.518
1037,112457,112.457
1038,132899,132.899
1039,115822,115.822
1040,98439,98.439
1041,108705,108.705
1042,125734,125.734
1043,106122,106.122
1044,96551,96.551
1045,126228,126.228
1046,104133,104.133
1047,118771,118.771
1048,114165,114.165
1049,97357,97.357
1050,102491,102.491
1051,74298,74.298
1052,81852,81.852
1053,124482,124.482
1054,87120,87.12
1055,231564,231.564
1056,376445,376.445
1057,125690,125.69
1058,120420,120.42
1059,225814,225.814
1060,111158,111.158
1061,101594,101.594
1062,377240,377.24
1063,172389,172.389
1064,343622,343.622
1065,84829,84.829
1066,95945,95.945
1067,124197,124.197
1068,200178,200.178
1069,89624,89.624
1070,97556,97.556
1071,99278,99.278
1072,81374,81.374
1073,110810,110.81
1074,94756,94.756
1075,144488,144.488
1076,127511,127.511
1077,147183,147.183
1078,157043,157.043
1079,148252,148.252
1080,163008,163.008
1081,179143,179.143
1082,180717,180.717
1083,108746,108.746
1084,102994,102.994
1085,166062,166.062
1086,162177,162.177
1087,117719,117.719
1088,129295,129.295
1089,112091,112.091
1090,105864,105.864
1091,94619,94.619
1092,99225,99.225
1093,93422,93.422
1094,134961,134.961
1095,109180,109.18
1096,97792,97.792
1097,97800,97.8
1098,120385,120.385
1099,85047,85.047
1100,89391,89.391
1101,80481,80.481
1102,93924,93.924
1103,103541,103.541
1104,379673,379.673
1105,116593,116.593
1106,90314,90.314
1107,110731,110.731
1108,81954,81.954
1109,85501,85.501
1110,124669,124.669
1111,367026,367.026
1112,115224,115.224
1113,106814,106.814
1114,121582,121.582
1115,116485,116.485
1116,104582,104.582
1117,183931,183.931
1118,99458,99.458
1119,90304,90.304
1120,113775,113.775
1121,122230,122.23
1122,156687,156.687
1123,129879,129.879
1124,147650,147.65
1125,118611,118.611
1126,120987,120.987
1127,225588,225.588
1128,241940,241.94
1129,153589,153.589
1130,141964,141.964
1131,202043,202.043
1132,123299,123.299
1133,115907,115.907
1134,111677,111.677
1135,110420,110.42
1136,132244,132.244
1137,117374,117.374
1138,119651,119.651
1139,123638,123.638
1140,125517,125.517
1141,116048,116.048
1142,118980,118.98
1143,144681,144.681
1144,119507,119.507
1145,127629,127.629
1146,112031,112.031
1147,125857,125.857
1148,151145,151.145
1149,114706,114.706
1150,164457,164.457
1151,108902,108.902
1152,208342,208.342
1153,122010,122.01
1154,121648,121.648
1155,104937,104.937
1156,109383,109.383
1157,133299,133.299
1158,155723,155.723
1159,127362,127.362
1160,105101,105.101
1161,97229,97.229
1162,118175,118.175
1163,76815,76.815
1164,80882,80.882
1165,139935,139.935
1166,96365,96.365
1167,120542,120.542
1168,75041,75.041
1169,100419,100.419
1170,82701,82.701
1171,65621,65.621
1172,100567,100.567
1173,83262,83.262
1174,78867,78.867
1175,84411,84.411
1176,102239,102.239
1177,84042,84.042
1178,112838,112.838
1179,108946,108.946
1180,79425,79.425
1181,86830,86.83
1182,108438,108.438
1183,91082,91.082
1184,88619,88.619
1185,87231,87.231
1186,91319,91.319
1187,109115,109.115
1188,83791,83.791
1189,64152,64.152
1190,116046,116.046
1191,58534,58.534
1192,65195,65.195
1193,71411,71.411
1194,81138,81.138
1195,73611,73.611
1196,80252,80.252
1197,74964,74.964
1198,80255,80.255
1199,162665,162.665
1200,136483,136.483
1201,165149,165.149
1202,164912,164.912
1203,167923,167.923
1204,135705,135.705
1205,124791,124.791
1206,205907,205.907
1207,123370,123.37
1208,175146,175.146
1209,112936,112.936
1210,253893,253.893
1211,218416,218.416
1212,124782,124.782
1213,144044,144.044
1214,130250,130.25
1215,113070,113.07
1216,192685,192.685
1217,112507,112.507
1218,156989,156.989
1219,119727,119.727
1220,117538,117.538
1221,121741,121.741
1222,87076,87.076
1223,198454,198.454
1224,64469,64.469
1225,93807,93.807
1226,108880,108.88
1227,125081,125.081
1228,116543,116.543
1229,91556,91.556
1230,116544,116.544
1231,107758,107.758
1232,141542,141.542
1233,222383,222.383
1234,105668,105.668
1235,104949,104.949
1236,102605,102.605
1237,122335,122.335
1238,142108,142.108
1239,101379,101.379
1240,129734,129.734
1241,103994,103.994
1242,126803,126.803
1243,131599,131.599
1244,135413,135.413
1245,117724,117.724
1246,147444,147.444
1247,112223,112.223
1248,162461,162.461
1249,141233,141.233
1250,135537,135.537
1251,147434,147.434
1252,140972,140.972
1253,214930,214.93
1254,104097,104.097
1255,120978,120.978
1256,102676,102.676
1257,115903,115.903
1258,126442,126.442
1259,139763,139.763
1260,91353,91.353
1261,104660,104.66
1262,99445,99.445
1263,174512,174.512
1264,100301,100.301
1265,116217,116.217
1266,110476,110.476
1267,130637,130.637
1268,101040,101.04
1269,98610,98.61
1270,95731,95.731
1271,99251,99.251
1272,98149,98.149
1273,102564,102.564
1274,95817,95.817
1275,127535,127.535
1276,78680,78.68
1277,85473,85.473
1278,166199,166.199
1279,81537,81.537
1280,82200,82.2
1281,73714,73.714
1282,82490,82.49
1283,128005,128.005
1284,121692,121.692
1285,94629,94.629
1286,102215,102.215
1287,102019,102.019
1288,144984,144.984
1289,75652,75.652
1290,127643,127.643
1291,73049,73.049
1292,102204,102.204
1293,106068,106.068
1294,94884,94.884
1295,123519,123.519
1296,83664,83.664
1297,79880,79.88
1298,99570,99.57
1299,79108,79.108
1300,87103,87.103
1301,64917,64.917
1302,94689,94.689
1303,77442,77.442
1304,81439,81.439
1305,82764,82.764
1306,122670,122.67
1307,351805,351.805
1308,282955,282.955
1309,316751,316.751
1310,123317,123.317
1311,195090,195.09
1312,143488,143.488
1313,196625,196.625
1314,116610,116.61
1315,152052,152.052
1316,213690,213.69
1317,146136,146.136
1318,234650,234.65
1319,113737,113.737
1320,136390,136.39
1321,622835,622.835
1322,136343,136.343
1323,145010,145.01
1324,122102,122.102
1325,134535,134.535
1326,272669,272.669
1327,152079,152.079
1328,328248,328.248
1329,125445,125.445
1330,138688,138.688
1331,189705,189.705
1332,151534,151.534
1333,280073,280.073
1334,169963,169.963
1335,136779,136.779
1336,304605,304.605
1337,146281,146.281
1338,372438,372.438
1339,159767,159.767
1340,124927,124.927
1341,338188,338.188
1342,124034,124.034
1343,182366,182.366
1344,104092,104.092
1345,135354,135.354
1346,496291,496.291
1347,145513,145.513
1348,273110,273.11
1349,106851,106.851
1350,137783,137.783
1351,110184,110.184
1352,133660,133.66
1353,210550,210.55
1354,238223,238.223
1355,184255,184.255
1356,103840,103.84
1357,123441,123.441
1358,162913,162.913
1359,140434,140.434
1360,125166,125.166
1361,168341,168.341
1362,123292,123.292
1363,256054,256.054
1364,135985,135.985
1365,142936,142.936
1366,220947,220.947
1367,124832,124.832
1368,141704,141.704
1369,121562,121.562
1370,124862,124.862
1371,65143,65.143
1372,79270,79.27
1373,88107,88.107
1374,95176,95.176
1375,74720,74.72
1376,75177,75.177
1377,100290,100.29
1378,140802,140.802
1379,90926,90.926
1380,95664,95.664
1381,69781,69.781
1382,81627,81.627
1383,103021,103.021
1384,63823,63.823
1385,202102,202.102
1386,141967,141.967
1387,92508,92.508
1388,93944,93.944
1389,77466,77.466
1390,76752,76.752
1391,75652,75.652
1392,86050,86.05
1393,174074,174.074
1394,84965,84.965
1395,85873,85.873
1396,82809,82.809
1397,80461,80.461
1398,105096,105.096
1399,76680,76.68
1400,80390,80.39
1401,85383,85.383
1402,100217,100.217
1403,86476,86.476
1404,131638,131.638
1405,99226,99.226
1406,147899,147.899
1407,370297,370.297
1408,123484,123.484
1409,317956,317.956
1410,153095,153.095
1411,83512,83.512
1412,133354,133.354
1413,141181,141.181
1414,69476,69.476
1415,71278,71.278
1416,57451,57.451
1417,83788,83.788
1418,71226,71.226
1419,65665,65.665
1420,58544,58.544
1421,52027,52.027
1422,65568,65.568
1423,63565,63.565
1424,70272,70.272
1425,79918,79.918
1426,74334,74.334
1427,74153,74.153
1428,76182,76.182
1429,130903,130.903
1430,68841,68.841
1431,70477,70.477
1432,70476,70.476
1433,81191,81.191
1434,71351,71.351
1435,100316,100.316
1436,61788,61.788
1437,146949,146.949
1438,89695,89.695
1439,80225,80.225
1440,78785,78.785
1441,77249,77.249
1442,141700,141.7
1443,80435,80.435
1444,195976,195.976
1445,129222,129.222
1446,78755,78.755
1447,143496,143.496
1448,209466,209.466
1449,104263,104.263
1450,94581,94.581
1451,67814,67.814
1452,68119,68.119
1453,122541,122.541
1454,73644,73.644
1455,103462,103.462
1456,86284,86.284
1457,156240,156.24
1458,141193,141.193
1459,116668,116.668
1460,118512,118.512
1461,67995,67.995
1462,91291,91.291
1463,90138,90.138
1464,77283,77.283
1465,128251,128.251
1466,92638,92.638
1467,115419,115.419
1468,110476,110.476
1469,85799,85.799
1470,91524,91.524
1471,72406,72.406
1472,97465,97.465
1473,79228,79.228
1474,62719,62.719
1475,65054,65.054
1476,57044,57.044
1477,89300,89.3
1478,73928,73.928
1479,95124,95.124
1480,77350,77.35
1481,63892,63.892
1482,77898,77.898
1483,72729,72.729
1484,71708,71.708
1485,76964,76.964
1486,89859,89.859
1487,70312,70.312
1488,174769,174.769
1489,158280,158.28
1490,83030,83.03
1491,75854,75.854
1492,90483,90.483
1493,77375,77.375
1494,66893,66.893
1495,73539,73.539
1496,61460,61.46
1497,80386,80.386
1498,80458,80.458
1499,100267,100.267
1500,78326,78.326
1501,69509,69.509
1502,95959,95.959
1503,97907,97.907
1504,86744,86.744
1505,80931,80.931
1506,152508,152.508
1507,69615,69.615
1508,91334,91.334
1509,76904,76.904
1510,71025,71.025
1511,67692,67.692
1512,71792,71.792
1513,70440,70.44
1514,67556,67.556
1515,69417,69.417
1516,67514,67.514
1517,72129,72.129
1518,84776,84.776
1519,74266,74.266
1520,77619,77.619
1521,76580,76.58
1522,95318,95.318
1523,95027,95.027
1524,62656,62.656
1525,62803,62.803
1526,59632,59.632
1527,75312,75.312
1528,91660,91.66
1529,56160,56.16
1530,58621,58.621
1531,55205,55.205
1532,84250,84.25
1533,102587,102.587
1534,87773,87.773
1535,123949,123.949
1536,90743,90.743
1537,93397,93.397
1538,94105,94.105
1539,139186,139.186
1540,71572,71.572
1541,63520,63.52
1542,125762,125.762
1543,99707,99.707
1544,88029,88.029
1545,80603,80.603
1546,68836,68.836
1547,116074,116.074
1548,126386,126.386
1549,89004,89.004
1550,70697,70.697
1551,65015,65.015
1552,145775,145.775
1553,165050,165.05
1554,154873,154.873
1555,98082,98.082
1556,106475,106.475
1557,123491,123.491
1558,187840,187.84
1559,109719,109.719
1560,183873,183.873
1561,88849,88.849
1562,84748,84.748
1563,99237,99.237
1564,110033,110.033
1565,136621,136.621
1566,83418,83.418
1567,91504,91.504
1568,127382,127.382
1569,82638,82.638
1570,88117,88.117
1571,68065,68.065
1572,68018,68.018
1573,70319,70.319
1574,64813,64.813
1575,72168,72.168
1576,105079,105.079
1577,133065,133.065
1578,106575,106.575
1579,81083,81.083
1580,77675,77.675
1581,67312,67.312
1582,67821,67.821
1583,82030,82.03
1584,73934,73.934
1585,82949,82.949
1586,75490,75.49
1587,92468,92.468
1588,89114,89.114
1589,77192,77.192
1590,107975,107.975
1591,122414,122.414
1592,105294,105.294
1593,75093,75.093
1594,66113,66.113
1595,72790,72.79
1596,107663,107.663
1597,70782,70.782
1598,95840,95.84
1599,82101,82.101
1600,80965,80.965
1601,92591,92.591
1602,153084,153.084
1603,162518,162.518
1604,80771,80.771
1605,80380,80.38
1606,90265,90.265
1607,74094,74.094
1608,75814,75.814
1609,96000,96.0
1610,117650,117.65
1611,70863,70.863
1612,76758,76.758
1613,85654,85.654
1614,66570,66.57
1615,67550,67.55
1616,61689,61.689
1617,73324,73.324
1618,90935,90.935
1619,77397,77.397
1620,87493,87.493
1621,58130,58.13
1622,94691,94.691
1623,68677,68.677
1624,85474,85.474
1625,70848,70.848
1626,70367,70.367
1627,92049,92.049
1628,77298,77.298
1629,72413,72.413
1630,58873,58.873
1631,52142,52.142
1632,59245,59.245
1633,146687,146.687
1634,94629,94.629
1635,93734,93.734
1636,93758,93.758
1637,94400,94.4
1638,94484,94.484
1639,75514,75.514
1640,67300,67.3
1641,97466,97.466
1642,115999,115.999
1643,122372,122.372
1644,71106,71.106
1645,114234,114.234
1646,59974,59.974
1647,159649,159.649
1648,90096,90.096
1649,107363,107.363
1650,106378,106.378
1651,76306,76.306
1652,148762,148.762
1653,257184,257.184
1654,103116,103.116
1655,110213,110.213
1656,95338,95.338
1657,168199,168.199
1658,111450,111.45
1659,104757,104.757
1660,88156,88.156
1661,86416,86.416
1662,103850,103.85
1663,237900,237.9
1664,98354,98.354
1665,136965,136.965
1666,109183,109.183
1667,162344,162.344
1668,158946,158.946
1669,124465,124.465
1670,169203,169.203
1671,140774,140.774
1672,143749,143.749
1673,67404,67.404
1674,65168,65.168
1675,94396,94.396
1676,94236,94.236
1677,129130,129.13
1678,88548,88.548
1679,73213,73.213
1680,74371,74.371
1681,72817,72.817
1682,138350,138.35
1683,99086,99.086
1684,121587,121.587
1685,76559,76.559
1686,67935,67.935
1687,75874,75.874
1688,102773,102.773
1689,56306,56.306
1690,119602,119.602
1691,113888,113.888
1692,137211,137.211
1693,250801,250.801
1694,78935,78.935
1695,64283,64.283
1696,63159,63.159
1697,74528,74.528
1698,80763,80.763
1699,77087,77.087
1700,84610,84.61
1701,72921,72.921
1702,89507,89.507
1703,98624,98.624
1704,70655,70.655
1705,79787,79.787
1706,373077,373.077
1707,89308,89.308
1708,155071,155.071
1709,136975,136.975
1710,81306,81.306
1711,100743,100.743
1712,73397,73.397
1713,210649,210.649
1714,104910,104.91
1715,112313,112.313
1716,73245,73.245
1717,72374,72.374
1718,102951,102.951
1719,83586,83.586
1720,110200,110.2
1721,57387,57.387
1722,104076,104.076
1723,136133,136.133
1724,382578,382.578
1725,138726,138.726
1726,371965,371.965
1727,93145,93.145
1728,164474,164.474
1729,99552,99.552
1730,151639,151.639
1731,101001,101.001
1732,100885,100.885
1733,197614,197.614
1734,144464,144.464
1735,163917,163.917
1736,113751,113.751
1737,114228,114.228
1738,184120,184.12
1739,110394,110.394
1740,126647,126.647
1741,111308,111.308
1742,174896,174.896
1743,210515,210.515
1744,110363,110.363
1745,190905,190.905
1746,119154,119.154
1747,119934,119.934
1748,161781,161.781
1749,208694,208.694
1750,139914,139.914
1751,94332,94.332
1752,116735,116.735
1753,172228,172.228
1754,104449,104.449
1755,158263,158.263
1756,111801,111.801
1757,134743,134.743
1758,176424,176.424
1759,127033,127.033
1760,318195,318.195
1761,99551,99.551
1762,146408,146.408
1763,239352,239.352
1764,103475,103.475
1765,157169,157.169
1766,112099,112.099
1767,109408,109.408
1768,222667,222.667
1769,96810,96.81
1770,122071,122.071
1771,104033,104.033
1772,116161,116.161
1773,152314,152.314
1774,116146,116.146
1775,316268,316.268
1776,105996,105.996
1777,124233,124.233
1778,221405,221.405
1779,110849,110.849
1780,141086,141.086
1781,105100,105.1
1782,116515,116.515
1783,157509,157.509
1784,116831,116.831
1785,405685,405.685
1786,126386,126.386
1787,103043,103.043
1788,192446,192.446
1789,95643,95.643
1790,163099,163.099
1791,81505,81.505
1792,110096,110.096
1793,211931,211.931
1794,134016,134.016
1795,121101,121.101
1796,109605,109.605
1797,107496,107.496
1798,120916,120.916
1799,116433,116.433
1800,126165,126.165
1801,99974,99.974
1802,108009,108.009
1803,92596,92.596
1804,83097,83.097
1805,103082,103.082
1806,60497,60.497
1807,77126,77.126
1808,99921,99.921
1809,74831,74.831
1810,72841,72.841
1811,66626,66.626
1812,104636,104.636
1813,75103,75.103
1814,73461,73.461
1815,118127,118.127
1816,72231,72.231
1817,60737,60.737
1818,86084,86.084
1819,56488,56.488
1820,67090,67.09
1821,80354,80.354
1822,72095,72.095
1823,65239,65.239
1824,54099,54.099
1825,73150,73.15
1826,73029,73.029
1827,82537,82.537
1828,100834,100.834
1829,103910,103.91
1830,72044,72.044
1831,68013,68.013
1832,107651,107.651
1833,96320,96.32
1834,78327,78.327
1835,87959,87.959
1836,57502,57.502
1837,81455,81.455
1838,95389,95.389
1839,70923,70.923
1840,67877,67.877
1841,77388,77.388
1842,171800,171.8
1843,136557,136.557
1844,104026,104.026
1845,113746,113.746
1846,81927,81.927
1847,120281,120.281
1848,97403,97.403
1849,105445,105.445
1850,146784,146.784
1851,95076,95.076
1852,117098,117.098
1853,146853,146.853
1854,108149,108.149
1855,106859,106.859
1856,71007,71.007
1857,113535,113.535
1858,134601,134.601
1859,101854,101.854
1860,82771,82.771
1861,84531,84.531
1862,74215,74.215
1863,98203,98.203
1864,94891,94.891
1865,127092,127.092
1866,88640,88.64
1867,82993,82.993
1868,66195,66.195
1869,80514,80.514
1870,98436,98.436
1871,54053,54.053
1872,78167,78.167
1873,78692,78.692
1874,64172,64.172
1875,83848,83.848
1876,62572,62.572
1877,76189,76.189
1878,58088,58.088
1879,52630,52.63
1880,61443,61.443
1881,63308,63.308
1882,69451,69.451
1883,62747,62.747
1884,70908,70.908
1885,72917,72.917
1886,74470,74.47
1887,113981,113.981
1888,100251,100.251
1889,86824,86.824
1890,103389,103.389
1891,153201,153.201
1892,84948,84.948
1893,75633,75.633
1894,127276,127.276
1895,98818,98.818
1896,694664,694.664
1897,94208,94.208
1898,90688,90.688
1899,71952,71.952
1900,80335,80.335
1901,71427,71.427
1902,106929,106.929
1903,233135,233.135
1904,79426,79.426
1905,83988,83.988
1906,62996,62.996
1907,70275,70.275
1908,88911,88.911
1909,59590,59.59
1910,76879,76.879
1911,57046,57.046
1912,56446,56.446
1913,74112,74.112
1914,93344,93.344
1915,92172,92.172
1916,70741,70.741
1917,74961,74.961
1918,90269,90.269
1919,61085,61.085
1920,71477,71.477
1921,65778,65.778
1922,61081,61.081
1923,64974,64.974
1924,74845,74.845
1925,61202,61.202
1926,53084,53.084
1927,83088,83.088
1928,76378,76.378
1929,71826,71.826
1930,76063,76.063
1931,67815,67.815
1932,112896,112.896
1933,101819,101.819
1934,78385,78.385
1935,96035,96.035
1936,77539,77.539
1937,115323,115.323
1938,117208,117.208
1939,75662,75.662
1940,72780,72.78
1941,90578,90.578
1942,122959,122.959
1943,108390,108.39
1944,83047,83.047
1945,90249,90.249
1946,75366,75.366
1947,113876,113.876
1948,89606,89.606
1949,88735,88.735
1950,78928,78.928
1951,74819,74.819
1952,91734,91.734
1953,84178,84.178
1954,108880,108.88
1955,124551,124.551
1956,94441,94.441
1957,115427,115.427
1958,142176,142.176
1959,105850,105.85
1960,93473,93.473
1961,59612,59.612
1962,136107,136.107
1963,119116,119.116
1964,91799,91.799
1965,125829,125.829
1966,105673,105.673
1967,100284,100.284
1968,111634,111.634
1969,70288,70.288
1970,59570,59.57
1971,57241,57.241
1972,78539,78.539
1973,95605,95.605
1974,72987,72.987
1975,92610,92.61
1976,70862,70.862
1977,88369,88.369
1978,70842,70.842
1979,103671,103.671
1980,69651,69.651
1981,77734,77.734
1982,65797,65.797
1983,85739,85.739
1984,75950,75.95
1985,86054,86.054
1986,92523,92.523
1987,80458,80.458
1988,54211,54.211
1989,65561,65.561
1990,65755,65.755
1991,56483,56.483
1992,87520,87.52
1993,84960,84.96
1994,61160,61.16
1995,67821,67.821
1996,74801,74.801
1997,97543,97.543
1998,135488,135.488
1999,90239,90.239
2000,119748,119.748
2001,214256,214.256
2002,137739,137.739
2003,150615,150.615
2004,249962,249.962
2005,405491,405.491
2006,111790,111.79
2007,104386,104.386
2008,113668,113.668
2009,104001,104.001
2010,80526,80.526
2011,105239,105.239
2012,91582,91.582
2013,113201,113.201
2014,122875,122.875
2015,98389,98.389
2016,97804,97.804
2017,86444,86.444
2018,124099,124.099
2019,128609,128.609
2020,124651,124.651
2021,106215,106.215
2022,94676,94.676
2023,161399,161.399
2024,140248,140.248
2025,86310,86.31
2026,96162,96.162
2027,83914,83.914
2028,91149,91.149
2029,113425,113.425
2030,79084,79.084
2031,88750,88.75
2032,82613,82.613
2033,99610,99.61
2034,73499,73.499
2035,78936,78.936
2036,116238,116.238
2037,90581,90.581
2038,138911,138.911
2039,100267,100.267
2040,180117,180.117
2041,102364,102.364
2042,87955,87.955
2043,122366,122.366
2044,92516,92.516
2045,71620,71.62
2046,102887,102.887
2047,173325,173.325
2048,121787,121.787
2049,222530,222.53
2050,132309,132.309
2051,128481,128.481
2052,99266,99.266
2053,167988,167.988
2054,113849,113.849
2055,126131,126.131
2056,94531,94.531
2057,99263,99.263
2058,115743,115.743
2059,150934,150.934
2060,139377,139.377
2061,107212,107.212
2062,90856,90.856
2063,116319,116.319
2064,97953,97.953
2065,87712,87.712
2066,91942,91.942
2067,87444,87.444
2068,127472,127.472
2069,170878,170.878
2070,143616,143.616
2071,103586,103.586
2072,101268,101.268
2073,103023,103.023
2074,87726,87.726
2075,84858,84.858
2076,124263,124.263
2077,80908,80.908
2078,87455,87.455
2079,136383,136.383
2080,77873,77.873
2081,89827,89.827
2082,94461,94.461
2083,116500,116.5
2084,91902,91.902
2085,75175,75.175
2086,97152,97.152
2087,87803,87.803
2088,108856,108.856
2089,147486,147.486
2090,110977,110.977
2091,99596,99.596
2092,80227,80.227
2093,99662,99.662
2094,82165,82.165
2095,76342,76.342
2096,86991,86.991
2097,83670,83.67
2098,135218,135.218
2099,109271,109.271
2100,94240,94.24
2101,76020,76.02
2102,76696,76.696
2103,93613,93.613
2104,87260,87.26
2105,81906,81.906
2106,122229,122.229
2107,80118,80.118
2108,93360,93.36
2109,154786,154.786
2110,68363,68.363
2111,72803,72.803
2112,94191,94.191
2113,89978,89.978
2114,124697,124.697
2115,70230,70.23
2116,83306,83.306
2117,92411,92.411
2118,114714,114.714
2119,113017,113.017
2120,105231,105.231
2121,177688,177.688
2122,138501,138.501
2123,127593,127.593
2124,110714,110.714
2125,87553,87.553
2126,113946,113.946
2127,122178,122.178
2128,115230,115.23
2129,99056,99.056
2130,91284,91.284
2131,109981,109.981
2132,94216,94.216
2133,87313,87.313
2134,79221,79.221
2135,98456,98.456
2136,130950,130.95
2137,102670,102.67
2138,105551,105.551
2139,136764,136.764
2140,120524,120.524
2141,139190,139.19
2142,103335,103.335
2143,121780,121.78
2144,109557,109.557
2145,87495,87.495
2146,123701,123.701
2147,104402,104.402
2148,161333,161.333
2149,155230,155.23
2150,113340,113.34
2151,123093,123.093
2152,96255,96.255
2153,127731,127.731
2154,150221,150.221
2155,97434,97.434
2156,104427,104.427
2157,82774,82.774
2158,119110,119.11
2159,97408,97.408
2160,113973,113.973
2161,115174,115.174
2162,94354,94.354
2163,355865,355.865
2164,98005,98.005
2165,86210,86.21
2166,98076,98.076
2167,80365,80.365
2168,120131,120.131
2169,107610,107.61
2170,118097,118.097
2171,85807,85.807
2172,118434,118.434
2173,114610,114.61
2174,107895,107.895
2175,87488,87.488
2176,109166,109.166
2177,186622,186.622
2178,137030,137.03
2179,92225,92.225
2180,82537,82.537
2181,133148,133.148
2182,87553,87.553
2183,100161,100.161
2184,90672,90.672
2185,86216,86.216
2186,87464,87.464
2187,90812,90.812
2188,131631,131.631
2189,83223,83.223
2190,74942,74.942
2191,148260,148.26
2192,81471,81.471
2193,92704,92.704
2194,79336,79.336
2195,77655,77.655
2196,94185,94.185
2197,76800,76.8
2198,93628,93.628
2199,80470,80.47
2200,85081,85.081
2201,286080,286.08
2202,80508,80.508
2203,94500,94.5
2204,82124,82.124
2205,79235,79.235
2206,95744,95.744
2207,73545,73.545
2208,120965,120.965
2209,81828,81.828
2210,66957,66.957
2211,83924,83.924
2212,76278,76.278
2213,108295,108.295
2214,136716,136.716
2215,79617,79.617
2216,82506,82.506
2217,82995,82.995
2218,91650,91.65
2219,109682,109.682
2220,98143,98.143
2221,140499,140.499
2222,82115,82.115
2223,160253,160.253
2224,127058,127.058
2225,94327,94.327
2226,100040,100.04
2227,90614,90.614
2228,104925,104.925
2229,147199,147.199
2230,91879,91.879
2231,117754,117.754
2232,257218,257.218
2233,205325,205.325
2234,92450,92.45
2235,87916,87.916
2236,105846,105.846
2237,103796,103.796
2238,111826,111.826
2239,121715,121.715
2240,102528,102.528
2241,120853,120.853
2242,105928,105.928
2243,121377,121.377
2244,113706,113.706
2245,77123,77.123
2246,114710,114.71
2247,96017,96.017
2248,104933,104.933
2249,131606,131.606
2250,88794,88.794
2251,125099,125.099
2252,196664,196.664
2253,274150,274.15
2254,100338,100.338
2255,105898,105.898
2256,166890,166.89
2257,134627,134.627
2258,107386,107.386
2259,138500,138.5
2260,118116,118.116
2261,119955,119.955
2262,89646,89.646
2263,115054,115.054
2264,162970,162.97
2265,118721,118.721
2266,115186,115.186
2267,92618,92.618
2268,321861,321.861
2269,126464,126.464
2270,168177,168.177
2271,128050,128.05
2272,91218,91.218
2273,83585,83.585
2274,242607,242.607
2275,97790,97.79
2276,110097,110.097
2277,146579,146.579
2278,119877,119.877
2279,142209,142.209
2280,81236,81.236
2281,90354,90.354
2282,73474,73.474
2283,94544,94.544
2284,88065,88.065
2285,108525,108.525
2286,90869,90.869
2287,76776,76.776
2288,87083,87.083
2289,94131,94.131
2290,81009,81.009
2291,113225,113.225
2292,92730,92.73
2293,103975,103.975
2294,87803,87.803
2295,82418,82.418
2296,122943,122.943
2297,100254,100.254
2298,112422,112.422
2299,128595,128.595
2300,94100,94.1
2301,256821,256.821
2302,82574,82.574
2303,94418,94.418
2304,254808,254.808
2305,105796,105.796
2306,99565,99.565
2307,82972,82.972
2308,149562,149.562
2309,98916,98.916
2310,88336,88.336
2311,78325,78.325
2312,114615,114.615
2313,90399,90.399
2314,255368,255.368
2315,129095,129.095
2316,122712,122.712
2317,109921,109.921
2318,122552,122.552
2319,149191,149.191
2320,84383,84.383
2321,155246,155.246
2322,111378,111.378
2323,98366,98.366
2324,109489,109.489
2325,165453,165.453
2326,127940,127.94
2327,114932,114.932
2328,95320,95.32
2329,105008,105.008
2330,83866,83.866
2331,86714,86.714
2332,69590,69.59
2333,76307,76.307
2334,68834,68.834
2335,76107,76.107
2336,130117,130.117
2337,253554,253.554
2338,94391,94.391
2339,140232,140.232
2340,79361,79.361
2341,92730,92.73
2342,78101,78.101
2343,97615,97.615
2344,111527,111.527
2345,81386,81.386
2346,126944,126.944
2347,122188,122.188
2348,117721,117.721
2349,207171,207.171
2350,126591,126.591
2351,125927,125.927
2352,115592,115.592
2353,127977,127.977
2354,244131,244.131
2355,106613,106.613
2356,114941,114.941
2357,79615,79.615
2358,164808,164.808
2359,103010,103.01
2360,249742,249.742
2361,300835,300.835
2362,93875,93.875
2363,165612,165.612
2364,195532,195.532
2365,72212,72.212
2366,106894,106.894
2367,80589,80.589
2368,122988,122.988
2369,127891,127.891
2370,136816,136.816
2371,90621,90.621
2372,97846,97.846
2373,181882,181.882
2374,144675,144.675
2375,113099,113.099
2376,127756,127.756
2377,311921,311.921
2378,105953,105.953
2379,96854,96.854
2380,81453,81.453
2381,100428,100.428
2382,71964,71.964
2383,120750,120.75
2384,129736,129.736
2385,78439,78.439
2386,71358,71.358
2387,102753,102.753
2388,100112,100.112
2389,92916,92.916
2390,66286,66.286
2391,95091,95.091
2392,78512,78.512
2393,88420,88.42
2394,91234,91.234
2395,81563,81.563
2396,100481,100.481
2397,79508,79.508
2398,199146,199.146
2399,107110,107.11
2400,77586,77.586
2401,107091,107.091
2402,90574,90.574
2403,115833,115.833
2404,90246,90.246
2405,92580,92.58
2406,86315,86.315
2407,105533,105.533
2408,106377,106.377
2409,88309,88.309
2410,80724,80.724
2411,107298,107.298
2412,97094,97.094
2413,106242,106.242
2414,258042,258.042
2415,102200,102.2
2416,102321,102.321
2417,306361,306.361
2418,86389,86.389
2419,266521,266.521
2420,71031,71.031
2421,216170,216.17
2422,103260,103.26
2423,114097,114.097
2424,102973,102.973
2425,110148,110.148
2426,102807,102.807
2427,111385,111.385
2428,120752,120.752
2429,126620,126.62
2430,78106,78.106
2431,84493,84.493
2432,82713,82.713
2433,90142,90.142
2434,81525,81.525
2435,68784,68.784
2436,104005,104.005
2437,284614,284.614
2438,127165,127.165
2439,108413,108.413
2440,189440,189.44
2441,103346,103.346
2442,120816,120.816
2443,275973,275.973
2444,85008,85.008
2445,330604,330.604
2446,111968,111.968
2447,96522,96.522
2448,118720,118.72
2449,106099,106.099
2450,133361,133.361
2451,128127,128.127
2452,99344,99.344
2453,119241,119.241
2454,286368,286.368
2455,118798,118.798
2456,128580,128.58
2457,105701,105.701
2458,138566,138.566
2459,312991,312.991
2460,127149,127.149
2461,184420,184.42
2462,102916,102.916
2463,119839,119.839
2464,101580,101.58
2465,90769,90.769
2466,98622,98.622
2467,81119,81.119
2468,119858,119.858
2469,109134,109.134
2470,93465,93.465
2471,116008,116.008
2472,113822,113.822
2473,98441,98.441
2474,123732,123.732
2475,84917,84.917
2476,84218,84.218
2477,119096,119.096
2478,126800,126.8
2479,120503,120.503
2480,90759,90.759
2481,94143,94.143
2482,114478,114.478
2483,386295,386.295
2484,85202,85.202
2485,96007,96.007
2486,112128,112.128
2487,80096,80.096
2488,92398,92.398
2489,176246,176.246
2490,143153,143.153
2491,106879,106.879
2492,111636,111.636
2493,106158,106.158
2494,131815,131.815
2495,91693,91.693
2496,91909,91.909
2497,112426,112.426
2498,91828,91.828
2499,169617,169.617
2500,87168,87.168
2501,127525,127.525
2502,83580,83.58
2503,147891,147.891
2504,94317,94.317
2505,106826,106.826
2506,86845,86.845
2507,97382,97.382
2508,114609,114.609
2509,104526,104.526
2510,95001,95.001
2511,89885,89.885
2512,100767,100.767
2513,104853,104.853
2514,278670,278.67
2515,80370,80.37
2516,162047,162.047
2517,112124,112.124
2518,87966,87.966
2519,94277,94.277
2520,246319,246.319
2521,113248,113.248
2522,104143,104.143
2523,288227,288.227
2524,137283,137.283
2525,103256,103.256
2526,106172,106.172
2527,88992,88.992
2528,348563,348.563
2529,111587,111.587
2530,100456,100.456
2531,104788,104.788
2532,90292,90.292
2533,95724,95.724
2534,104970,104.97
2535,89437,89.437
2536,80451,80.451
2537,86926,86.926
2538,109239,109.239
2539,104037,104.037
2540,128409,128.409
2541,112231,112.231
2542,129096,129.096
2543,124557,124.557
2544,102941,102.941
2545,212073,212.073
2546,105598,105.598
2547,400895,400.895
2548,105520,105.52
2549,149577,149.577
2550,103854,103.854
2551,163248,163.248
2552,140111,140.111
2553,136125,136.125
2554,115943,115.943
2555,92670,92.67
2556,265362,265.362
2557,91464,91.464
2558,152916,152.916
2559,131294,131.294
2560,145216,145.216
2561,140785,140.785
2562,91213,91.213
2563,289317,289.317
2564,286000,286.0
2565,90980,90.98
2566,83873,83.873
2567,243652,243.652
2568,96566,96.566
2569,136239,136.239
2570,97323,97.323
2571,89570,89.57
2572,102483,102.483
2573,114468,114.468
2574,124526,124.526
2575,114924,114.924
2576,152491,152.491
2577,95642,95.642
2578,83205,83.205
2579,115163,115.163
2580,152904,152.904
2581,127648,127.648
2582,89060,89.06
2583,88742,88.742
2584,249795,249.795
2585,73557,73.557
2586,97482,97.482
2587,97703,97.703
2588,115804,115.804
2589,289552,289.552
2590,80675,80.675
2591,114809,114.809
2592,100143,100.143
2593,98788,98.788
2594,167066,167.066
2595,92569,92.569
2596,97312,97.312
2597,240643,240.643
2598,88259,88.259
2599,117373,117.373
2600,103276,103.276
2601,83768,83.768
2602,111158,111.158
2603,130519,130.519
2604,82683,82.683
2605,83632,83.632
2606,105824,105.824
2607,83942,83.942
2608,90040,90.04
2609,337083,337.083
2610,85994,85.994
2611,70814,70.814
2612,106974,106.974
2613,112671,112.671
2614,107503,107.503
2615,96777,96.777
2616,115109,115.109
2617,91284,91.284
2618,143203,143.203
2619,107145,107.145
2620,124857,124.857
2621,104140,104.14
2622,100805,100.805
2623,131919,131.919
2624,109464,109.464
2625,82656,82.656
2626,136003,136.003
2627,92703,92.703
2628,103133,103.133
2629,213474,213.474
2630,106328,106.328
2631,126726,126.726
2632,273519,273.519
2633,81942,81.942
2634,88789,88.789
2635,71286,71.286
2636,102838,102.838
2637,90493,90.493
2638,141457,141.457
2639,226050,226.05
2640,116824,116.824
2641,106796,106.796
2642,132726,132.726
2643,152743,152.743
2644,338806,338.806
2645,84490,84.49
2646,103160,103.16
2647,133083,133.083
2648,159585,159.585
2649,179630,179.63
2650,126684,126.684
2651,103893,103.893
2652,95616,95.616
2653,113169,113.169
2654,512805,512.805
2655,91329,91.329
2656,124887,124.887
2657,90040,90.04
2658,113859,113.859
2659,230275,230.275
2660,112490,112.49
2661,140141,140.141
2662,122570,122.57
2663,161953,161.953
2664,115071,115.071
2665,92161,92.161
2666,92129,92.129
2667,92314,92.314
2668,110912,110.912
2669,292285,292.285
2670,204228,204.228
2671,87470,87.47
2672,84698,84.698
2673,97269,97.269
2674,121775,121.775
2675,73381,73.381
2676,82288,82.288
2677,91246,91.246
2678,93388,93.388
2679,121281,121.281
2680,85354,85.354
2681,99505,99.505
2682,141833,141.833
2683,109986,109.986
2684,93424,93.424
2685,113194,113.194
2686,101360,101.36
2687,120171,120.171
2688,89662,89.662
2689,95610,95.61
2690,88972,88.972
2691,136628,136.628
2692,85165,85.165
2693,94872,94.872
2694,251501,251.501
2695,84442,84.442
2696,85872,85.872
2697,75621,75.621
2698,90914,90.914
2699,115682,115.682
2700,100844,100.844
2701,117386,117.386
2702,91758,91.758
2703,100971,100.971
2704,115157,115.157
2705,78534,78.534
2706,82029,82.029
2707,74249,74.249
2708,97002,97.002
2709,118292,118.292
2710,81657,81.657
2711,91542,91.542
2712,78666,78.666
2713,95069,95.069
2714,106740,106.74
2715,90239,90.239
2716,187050,187.05
2717,365727,365.727
2718,86559,86.559
2719,105941,105.941
2720,73945,73.945
2721,87314,87.314
2722,126080,126.08
2723,116141,116.141
2724,264516,264.516
2725,242539,242.539
2726,123187,123.187
2727,69431,69.431
2728,105992,105.992
2729,89336,89.336
2730,66409,66.409
2731,143333,143.333
2732,101827,101.827
2733,160892,160.892
2734,126994,126.994
2735,75677,75.677
2736,155039,155.039
2737,99113,99.113
2738,171683,171.683
2739,156593,156.593
2740,112094,112.094
2741,123591,123.591
2742,134795,134.795
2743,407333,407.333
2744,256580,256.58
2745,107948,107.948
2746,136852,136.852
2747,94191,94.191
2748,100629,100.629
2749,139122,139.122
2750,234481,234.481
2751,164131,164.131
2752,97653,97.653
2753,110381,110.381
2754,115396,115.396
2755,84350,84.35
2756,215500,215.5
2757,117183,117.183
2758,120118,120.118
2759,160164,160.164
2760,114915,114.915
2761,127760,127.76
2762,102898,102.898
2763,111896,111.896
2764,149458,149.458
2765,100702,100.702
2766,139912,139.912
2767,115350,115.35
2768,386569,386.569
2769,97239,97.239
2770,98593,98.593
2771,280069,280.069
2772,112332,112.332
2773,237996,237.996
2774,87433,87.433
2775,107731,107.731
2776,101065,101.065
2777,86497,86.497
2778,93699,93.699
2779,214671,214.671
2780,103755,103.755
2781,119824,119.824
2782,84302,84.302
2783,87815,87.815
2784,117541,117.541
2785,113499,113.499
2786,93029,93.029
2787,77893,77.893
2788,101432,101.432
2789,92137,92.137
2790,118322,118.322
2791,115006,115.006
2792,94678,94.678
2793,108590,108.59
2794,128435,128.435
2795,79473,79.473
2796,124870,124.87
2797,98193,98.193
2798,126395,126.395
2799,118880,118.88
2800,81877,81.877
2801,137128,137.128
2802,82477,82.477
2803,136174,136.174
2804,119407,119.407
2805,71832,71.832
2806,218534,218.534
2807,76264,76.264
2808,118963,118.963
2809,83152,83.152
2810,138683,138.683
2811,108088,108.088
2812,106080,106.08
2813,113514,113.514
2814,113364,113.364
2815,87077,87.077
2816,105942,105.942
2817,126744,126.744
2818,99575,99.575
2819,99449,99.449
2820,73176,73.176
2821,158040,158.04
2822,137162,137.162
2823,116015,116.015
2824,119483,119.483
2825,167385,167.385
2826,96318,96.318
2827,98136,98.136
2828,92161,92.161
2829,83628,83.628
2830,104865,104.865
2831,99885,99.885
2832,73018,73.018
2833,135511,135.511
2834,111684,111.684
2835,140388,140.388
2836,257711,257.711
2837,104977,104.977
2838,106093,106.093
2839,348713,348.713
2840,124316,124.316
2841,346982,346.982
2842,94928,94.928
2843,108036,108.036
2844,160816,160.816
2845,79451,79.451
2846,140939,140.939
2847,112897,112.897
2848,126941,126.941
2849,274754,274.754
2850,158446,158.446
2851,143212,143.212
2852,112207,112.207
2853,120679,120.679
2854,154030,154.03
2855,110810,110.81
2856,127454,127.454
2857,169220,169.22
2858,115397,115.397
2859,144166,144.166
2860,111972,111.972
2861,121228,121.228
2862,106929,106.929
2863,124215,124.215
2864,156557,156.557
2865,97940,97.94
2866,124947,124.947
2867,124760,124.76
2868,104238,104.238
2869,142189,142.189
2870,194889,194.889
2871,130426,130.426
2872,101367,101.367
2873,110195,110.195
2874,115303,115.303
2875,76434,76.434
2876,113811,113.811
2877,188549,188.549
2878,99164,99.164
2879,106572,106.572
2880,114949,114.949
2881,150548,150.548
2882,109711,109.711
2883,100041,100.041
2884,155866,155.866
2885,95926,95.926
2886,162659,162.659
2887,95853,95.853
2888,101715,101.715
2889,102606,102.606
2890,82449,82.449
2891,89463,89.463
2892,85121,85.121
2893,136502,136.502
2894,89161,89.161
2895,110937,110.937
2896,81419,81.419
2897,73205,73.205
2898,108687,108.687
2899,79067,79.067
2900,82331,82.331
2901,91236,91.236
2902,91325,91.325
2903,107552,107.552
2904,105299,105.299
2905,118853,118.853
2906,124002,124.002
2907,144183,144.183
2908,161676,161.676
2909,177738,177.738
2910,109807,109.807
2911,112321,112.321
2912,135670,135.67
2913,164099,164.099
2914,150356,150.356
2915,118362,118.362
2916,301229,301.229
2917,86435,86.435
2918,134625,134.625
2919,162622,162.622
2920,79764,79.764
2921,91333,91.333
2922,140499,140.499
2923,118896,118.896
2924,94527,94.527
2925,83644,83.644
2926,100539,100.539
2927,89348,89.348
2928,119460,119.46
2929,147673,147.673
2930,80712,80.712
2931,76065,76.065
2932,129189,129.189
2933,103978,103.978
2934,104542,104.542
2935,101062,101.062
2936,115946,115.946
2937,360097,360.097
2938,140435,140.435
2939,207320,207.32
2940,117158,117.158
2941,130305,130.305
2942,110845,110.845
2943,106285,106.285
2944,121220,121.22
2945,85251,85.251
2946,131195,131.195
2947,140339,140.339
2948,102897,102.897
2949,135183,135.183
2950,96074,96.074
2951,112318,112.318
2952,325190,325.19
2953,116233,116.233
2954,85642,85.642
2955,92520,92.52
2956,112731,112.731
2957,102936,102.936
2958,136138,136.138
2959,114309,114.309
2960,252789,252.789
2961,119791,119.791
2962,90240,90.24
2963,129290,129.29
2964,128183,128.183
2965,128367,128.367
2966,77667,77.667
2967,108739,108.739
2968,122416,122.416
2969,149011,149.011
2970,98193,98.193
2971,218023,218.023
2972,93136,93.136
2973,95963,95.963
2974,74079,74.079
2975,122289,122.289
2976,115689,115.689
2977,86695,86.695
2978,93221,93.221
2979,79897,79.897
2980,80809,80.809
2981,104704,104.704
2982,132692,132.692
2983,243048,243.048
2984,100802,100.802
2985,111678,111.678
2986,93040,93.04
2987,73445,73.445
2988,290325,290.325
2989,83781,83.781
2990,89335,89.335
2991,94232,94.232
2992,80591,80.591
2993,94332,94.332
2994,156320,156.32
2995,197959,197.959
2996,125013,125.013
2997,101970,101.97
2998,78159,78.159
2999,88686,88.686
3000,77443,77.443
3001,135967,135.967
3002,366020,366.02
3003,123085,123.085
3004,100853,100.853
3005,159143,159.143
3006,302386,302.386
3007,119435,119.435
3008,147133,147.133
3009,107793,107.793
3010,78270,78.27
3011,71798,71.798
3012,88962,88.962
3013,78193,78.193
3014,81200,81.2
3015,170225,170.225
3016,74762,74.762
3017,77433,77.433
3018,75134,75.134
3019,107331,107.331
3020,73097,73.097
3021,94963,94.963
3022,74104,74.104
3023,286073,286.073
3024,80092,80.092
3025,100614,100.614
3026,74052,74.052
3027,75526,75.526
3028,73114,73.114
3029,107375,107.375
3030,80272,80.272
3031,64534,64.534
3032,95922,95.922
3033,95928,95.928
3034,96142,96.142
3035,76457,76.457
3036,103488,103.488
3037,102473,102.473
3038,101342,101.342
3039,103872,103.872
3040,221923,221.923
3041,95406,95.406
3042,96205,96.205
3043,93443,93.443
3044,88911,88.911
3045,108636,108.636
3046,99143,99.143
3047,75326,75.326
3048,257956,257.956
3049,112812,112.812
3050,174876,174.876
3051,100655,100.655
3052,150890,150.89
3053,124597,124.597
3054,107061,107.061
3055,82199,82.199
3056,113492,113.492
3057,169926,169.926
3058,113689,113.689
3059,170277,170.277
3060,120848,120.848
3061,141112,141.112
3062,107589,107.589
3063,139278,139.278
3064,148355,148.355
3065,82362,82.362
3066,166820,166.82
3067,118358,118.358
3068,188920,188.92
3069,174212,174.212
3070,242456,242.456
3071,133008,133.008
3072,157971,157.971
3073,99921,99.921
3074,122998,122.998
3075,127800,127.8
3076,88647,88.647
3077,256075,256.075
3078,85612,85.612
3079,111007,111.007
3080,145869,145.869
3081,151556,151.556
3082,123355,123.355
3083,111721,111.721
3084,118551,118.551
3085,134135,134.135
3086,96906,96.906
3087,82065,82.065
3088,72870,72.87
3089,325951,325.951
3090,151573,151.573
3091,111718,111.718
3092,84729,84.729
3093,131168,131.168
3094,115489,115.489
3095,91452,91.452
3096,70391,70.391
3097,70142,70.142
3098,91998,91.998
3099,79306,79.306
3100,147407,147.407
3101,78187,78.187
3102,88067,88.067
3103,112036,112.036
3104,79641,79.641
3105,88281,88.281
3106,103198,103.198
3107,111077,111.077
3108,106531,106.531
3109,84099,84.099
3110,250568,250.568
3111,88810,88.81
3112,99080,99.08
3113,129487,129.487
3114,129788,129.788
3115,103686,103.686
3116,107217,107.217
3117,106847,106.847
3118,109643,109.643
3119,147743,147.743
3120,112422,112.422
3121,79958,79.958
3122,74978,74.978
3123,71722,71.722
3124,116603,116.603
3125,564997,564.997
3126,102398,102.398
3127,87320,87.32
3128,81644,81.644
3129,95442,95.442
3130,91070,91.07
3131,87013,87.013
3132,91853,91.853
3133,95804,95.804
3134,109198,109.198
3135,90166,90.166
3136,104264,104.264
3137,82305,82.305
3138,96867,96.867
3139,83557,83.557
3140,93838,93.838
3141,234810,234.81
3142,84949,84.949
3143,75733,75.733
3144,80498,80.498
3145,83558,83.558
3146,80436,80.436
3147,121577,121.577
3148,103888,103.888
3149,101094,101.094
3150,95111,95.111
3151,71250,71.25
3152,126914,126.914
3153,129293,129.293
3154,97220,97.22
3155,91562,91.562
3156,152523,152.523
3157,92481,92.481
3158,94730,94.73
3159,147543,147.543
3160,143761,143.761
3161,166639,166.639
3162,118532,118.532
3163,124549,124.549
3164,165657,165.657
3165,131892,131.892
3166,77491,77.491
3167,83975,83.975
3168,98719,98.719
3169,137302,137.302
3170,131079,131.079
3171,86705,86.705
3172,136996,136.996
3173,85641,85.641
3174,217870,217.87
3175,115322,115.322
3176,77515,77.515
3177,201140,201.14
3178,74673,74.673
3179,106390,106.39
3180,142500,142.5
3181,164750,164.75
3182,129130,129.13
3183,110904,110.904
3184,120481,120.481
3185,113337,113.337
3186,127405,127.405
3187,87043,87.043
3188,87007,87.007
3189,128804,128.804
3190,123984,123.984
3191,91751,91.751
3192,90156,90.156
3193,71220,71.22
3194,116882,116.882
3195,97911,97.911
3196,109321,109.321
3197,94824,94.824
3198,92256,92.256
3199,75891,75.891
3200,202508,202.508
3201,86365,86.365
3202,104892,104.892
3203,108579,108.579
3204,88529,88.529
3205,190789,190.789
3206,71798,71.798
3207,145993,145.993
3208,373318,373.318
3209,137731,137.731
3210,120979,120.979
3211,112969,112.969
3212,138224,138.224
3213,171169,171.169
3214,116181,116.181
3215,241238,241.238
3216,86010,86.01
3217,105707,105.707
3218,90521,90.521
3219,96093,96.093
3220,86879,86.879
3221,83684,83.684
3222,113645,113.645
3223,87839,87.839
3224,86664,86.664
3225,109106,109.106
3226,72223,72.223
3227,68865,68.865
3228,67143,67.143
3229,112329,112.329
3230,100740,100.74
3231,103961,103.961
3232,65289,65.289
3233,89583,89.583
3234,83190,83.19
3235,151925,151.925
3236,71504,71.504
3237,101983,101.983
3238,93985,93.985
3239,92564,92.564
3240,128037,128.037
3241,75559,75.559
3242,72557,72.557
3243,74636,74.636
3244,80782,80.782
3245,110986,110.986
3246,69659,69.659
3247,71706,71.706
3248,81193,81.193
3249,136823,136.823
3250,123368,123.368
3251,71179,71.179
3252,106607,106.607
3253,87511,87.511
3254,85442,85.442
3255,80391,80.391
3256,92897,92.897
3257,77485,77.485
3258,93482,93.482
3259,95269,95.269
3260,971382,971.382
3261,89542,89.542
3262,96979,96.979
3263,141078,141.078
3264,135078,135.078
3265,231253,231.253
3266,111921,111.921
3267,174997,174.997
3268,130312,130.312
3269,116339,116.339
3270,127068,127.068
3271,155737,155.737
3272,171920,171.92
3273,103122,103.122
3274,142500,142.5
3275,286791,286.791
3276,111871,111.871
3277,108881,108.881
3278,84520,84.52
3279,147814,147.814
3280,137368,137.368
3281,177595,177.595
3282,150174,150.174
3283,104224,104.224
3284,122724,122.724
3285,142771,142.771
3286,91009,91.009
3287,88620,88.62
3288,101692,101.692
3289,97985,97.985
3290,280037,280.037
3291,100325,100.325
3292,87080,87.08
3293,76478,76.478
3294,86675,86.675
3295,84092,84.092
3296,94493,94.493
3297,83439,83.439
3298,98492,98.492
3299,80687,80.687
3300,262407,262.407
3301,92755,92.755
3302,100143,100.143
3303,84560,84.56
3304,108882,108.882
3305,170248,170.248
3306,91367,91.367
3307,97964,97.964
3308,85330,85.33
3309,83074,83.074
3310,79825,79.825
3311,80248,80.248
3312,87877,87.877
3313,82781,82.781
3314,223231,223.231
3315,166691,166.691
3316,124510,124.51
3317,75445,75.445
3318,124101,124.101
3319,85708,85.708
3320,107182,107.182
3321,79685,79.685
3322,76568,76.568
3323,75468,75.468
3324,106619,106.619
3325,84731,84.731
3326,79728,79.728
3327,87365,87.365
3328,82745,82.745
3329,101799,101.799
3330,96914,96.914
3331,68753,68.753
3332,100101,100.101
3333,85549,85.549
3334,134481,134.481
3335,99894,99.894
3336,179017,179.017
3337,99055,99.055
3338,63961,63.961
3339,91770,91.77
3340,96451,96.451
3341,77328,77.328
3342,97507,97.507
3343,72612,72.612
3344,76580,76.58
3345,81018,81.018
3346,99783,99.783
3347,105099,105.099
3348,93803,93.803
3349,114483,114.483
3350,99311,99.311
3351,79968,79.968
3352,108531,108.531
3353,115387,115.387
3354,83105,83.105
3355,106924,106.924
3356,194192,194.192
3357,149455,149.455
3358,100193,100.193
3359,130213,130.213
3360,286199,286.199
3361,103939,103.939
3362,106290,106.29
3363,95287,95.287
3364,145418,145.418
3365,115915,115.915
3366,125907,125.907
3367,103693,103.693
3368,117443,117.443
3369,114908,114.908
3370,149396,149.396
3371,125555,125.555
3372,151580,151.58
3373,121579,121.579
3374,117890,117.89
3375,141777,141.777
3376,78574,78.574
3377,88422,88.422
3378,98635,98.635
3379,108311,108.311
3380,115638,115.638
3381,398324,398.324
3382,161215,161.215
3383,122412,122.412
3384,107477,107.477
3385,268619,268.619
3386,84856,84.856
3387,82233,82.233
3388,91944,91.944
3389,106367,106.367
3390,139062,139.062
3391,130814,130.814
3392,88478,88.478
3393,109006,109.006
3394,113790,113.79
3395,99434,99.434
3396,89754,89.754
3397,126924,126.924
3398,88590,88.59
3399,196987,196.987
3400,132941,132.941
3401,97545,97.545
3402,136317,136.317
3403,98585,98.585
3404,88127,88.127
3405,81924,81.924
3406,82997,82.997
3407,111191,111.191
3408,74610,74.61
3409,90527,90.527
3410,76444,76.444
3411,102738,102.738
3412,135791,135.791
3413,76016,76.016
3414,571821,571.821
3415,113276,113.276
3416,124034,124.034
3417,139675,139.675
3418,98263,98.263
3419,107910,107.91
3420,102694,102.694
3421,159301,159.301
3422,98678,98.678
3423,77039,77.039
3424,84171,84.171
3425,97214,97.214
3426,71348,71.348
3427,124120,124.12
3428,100194,100.194
3429,82418,82.418
3430,118762,118.762
3431,83961,83.961
3432,73190,73.19
3433,70980,70.98
3434,73332,73.332
3435,176180,176.18
3436,72650,72.65
3437,80228,80.228
3438,66036,66.036
3439,77126,77.126
3440,99148,99.148
3441,90044,90.044
3442,201969,201.969
3443,115590,115.59
3444,180473,180.473
3445,82657,82.657
3446,83941,83.941
3447,98845,98.845
3448,88707,88.707
3449,100586,100.586
3450,109603,109.603
3451,94752,94.752
3452,74337,74.337
3453,185121,185.121
3454,108368,108.368
3455,98802,98.802
3456,82064,82.064
3457,105240,105.24
3458,225522,225.522
3459,97689,97.689
3460,112421,112.421
3461,78703,78.703
3462,87453,87.453
3463,166659,166.659
3464,110392,110.392
3465,110565,110.565
3466,69220,69.22
3467,126676,126.676
3468,191521,191.521
3469,127693,127.693
3470,128715,128.715
3471,257074,257.074
3472,103918,103.918
3473,82484,82.484
3474,135318,135.318
3475,102859,102.859
3476,95374,95.374
3477,86679,86.679
3478,93897,93.897
3479,99209,99.209
3480,129081,129.081
3481,105673,105.673
3482,123030,123.03
3483,111449,111.449
3484,100318,100.318
3485,132702,132.702
3486,122455,122.455
3487,74780,74.78
3488,72562,72.562
3489,100920,100.92
3490,116112,116.112
3491,99072,99.072
3492,107208,107.208
3493,89004,89.004
3494,186600,186.6
3495,195009,195.009
3496,96484,96.484
3497,88406,88.406
3498,110214,110.214
3499,179181,179.181
3500,109206,109.206
3501,97672,97.672
3502,75819,75.819
3503,159815,159.815
3504,88042,88.042
3505,90371,90.371
3506,201015,201.015
3507,97757,97.757
3508,103292,103.292
3509,176057,176.057
3510,66269,66.269
3511,114652,114.652
3512,92649,92.649
3513,95351,95.351
3514,90104,90.104
3515,217856,217.856
3516,60885,60.885
3517,355535,355.535
3518,246694,246.694
3519,260852,260.852
3520,148124,148.124
3521,95238,95.238
3522,88141,88.141
3523,195373,195.373
3524,96804,96.804
3525,236761,236.761
3526,174815,174.815
3527,80167,80.167
3528,82075,82.075
3529,96327,96.327
3530,84842,84.842
3531,77456,77.456
3532,87006,87.006
3533,65420,65.42
3534,112282,112.282
3535,89050,89.05
3536,65700,65.7
3537,90163,90.163
3538,84148,84.148
3539,88175,88.175
3540,60664,60.664
3541,64523,64.523
3542,94057,94.057
3543,204167,204.167
3544,99788,99.788
3545,89970,89.97
3546,94782,94.782
3547,92432,92.432
3548,79463,79.463
3549,86471,86.471
3550,78840,78.84
3551,75814,75.814
3552,81903,81.903
3553,102123,102.123
3554,96975,96.975
3555,86896,86.896
3556,77468,77.468
3557,127482,127.482
3558,236633,236.633
3559,114895,114.895
3560,107879,107.879
3561,122563,122.563
3562,118107,118.107
3563,78297,78.297
3564,88231,88.231
3565,134375,134.375
3566,91762,91.762
3567,87685,87.685
3568,181474,181.474
3569,152352,152.352
3570,139015,139.015
3571,128776,128.776
3572,109707,109.707
3573,259539,259.539
3574,155414,155.414
3575,276179,276.179
3576,70138,70.138
3577,147519,147.519
3578,123402,123.402
3579,135083,135.083
3580,107967,107.967
3581,166521,166.521
3582,156443,156.443
3583,247656,247.656
3584,142948,142.948
3585,154095,154.095
3586,101910,101.91
3587,105704,105.704
3588,216283,216.283
3589,106926,106.926
3590,384677,384.677
3591,245352,245.352
3592,95343,95.343
3593,103998,103.998
3594,98986,98.986
3595,242825,242.825
3596,203287,203.287
3597,162307,162.307
3598,62651,62.651
3599,74983,74.983
3600,59322,59.322
3601,93770,93.77
3602,94085,94.085
3603,79899,79.899
3604,84944,84.944
3605,71390,71.39
3606,96032,96.032
3607,86996,86.996
3608,74942,74.942
3609,109581,109.581
3610,93513,93.513
3611,62790,62.79
3612,100315,100.315
3613,76272,76.272
3614,108114,108.114
3615,93007,93.007
3616,87476,87.476
3617,74138,74.138
3618,62295,62.295
3619,95291,95.291
3620,245583,245.583
3621,126781,126.781
3622,77214,77.214
3623,97782,97.782
3624,96872,96.872
3625,78565,78.565
3626,82555,82.555
3627,85294,85.294
3628,70729,70.729
3629,79725,79.725
3630,65250,65.25
3631,89944,89.944
3632,190888,190.888
3633,98538,98.538
3634,98075,98.075
3635,79128,79.128
3636,114293,114.293
3637,87095,87.095
3638,81124,81.124
3639,99413,99.413
3640,64405,64.405
3641,68758,68.758
3642,66776,66.776
3643,62320,62.32
3644,68316,68.316
3645,75445,75.445
3646,159208,159.208
3647,92709,92.709
3648,81022,81.022
3649,98129,98.129
3650,205570,205.57
3651,94137,94.137
3652,158493,158.493
3653,284396,284.396
3654,103603,103.603
3655,88952,88.952
3656,135842,135.842
3657,80027,80.027
3658,158302,158.302
3659,99174,99.174
3660,144133,144.133
3661,177288,177.288
3662,110792,110.792
3663,111346,111.346
3664,117704,117.704
3665,232514,232.514
3666,154064,154.064
3667,97113,97.113
3668,96386,96.386
3669,138043,138.043
3670,68721,68.721
3671,152404,152.404
3672,271562,271.562
3673,242095,242.095
3674,125404,125.404
3675,113668,113.668
3676,186797,186.797
3677,133416,133.416
3678,174195,174.195
3679,129781,129.781
3680,81397,81.397
3681,111646,111.646
3682,135365,135.365
3683,114718,114.718
3684,118703,118.703
3685,317748,317.748
3686,93036,93.036
3687,71196,71.196
3688,62950,62.95
3689,91824,91.824
3690,58367,58.367
3691,149270,149.27
3692,101961,101.961
3693,70256,70.256
3694,77864,77.864
3695,98807,98.807
3696,93997,93.997
3697,103497,103.497
3698,65547,65.547
3699,78623,78.623
3700,229795,229.795
3701,96042,96.042
3702,167817,167.817
3703,86472,86.472
3704,86368,86.368
3705,76804,76.804
3706,104057,104.057
3707,89759,89.759
3708,92284,92.284
3709,69962,69.962
3710,87631,87.631
3711,102847,102.847
3712,75879,75.879
3713,61522,61.522
3714,75556,75.556
3715,83007,83.007
3716,85899,85.899
3717,70369,70.369
3718,85652,85.652
3719,200936,200.936
3720,82347,82.347
3721,89668,89.668
3722,113028,113.028
3723,217955,217.955
3724,84778,84.778
3725,63975,63.975
3726,98762,98.762
3727,75697,75.697
3728,65267,65.267
3729,95849,95.849
3730,65866,65.866
3731,74131,74.131
3732,66262,66.262
3733,65018,65.018
3734,79603,79.603
3735,172927,172.927
3736,275046,275.046
3737,64217,64.217
3738,58368,58.368
3739,66855,66.855
3740,72413,72.413
3741,85022,85.022
3742,88000,88.0
3743,75195,75.195
3744,95358,95.358
3745,55787,55.787
3746,58384,58.384
3747,72549,72.549
3748,59144,59.144
3749,57870,57.87
3750,83013,83.013
3751,60470,60.47
3752,69624,69.624
3753,163758,163.758
3754,81691,81.691
3755,94918,94.918
3756,82677,82.677
3757,179935,179.935
3758,94330,94.33
3759,84454,84.454
3760,85208,85.208
3761,98201,98.201
3762,108246,108.246
3763,83557,83.557
3764,103643,103.643
3765,67465,67.465
3766,75476,75.476
3767,92631,92.631
3768,76382,76.382
3769,94545,94.545
3770,203328,203.328
3771,90584,90.584
3772,148468,148.468
3773,144177,144.177
3774,105693,105.693
3775,151069,151.069
3776,84443,84.443
3777,108960,108.96
3778,90500,90.5
3779,98769,98.769
3780,90767,90.767
3781,141468,141.468
3782,154534,154.534
3783,83832,83.832
3784,100624,100.624
3785,72447,72.447
3786,74635,74.635
3787,85246,85.246
3788,75180,75.18
3789,112814,112.814
3790,84888,84.888
3791,83965,83.965
3792,71645,71.645
3793,52369,52.369
3794,73758,73.758
3795,61005,61.005
3796,77821,77.821
3797,69120,69.12
3798,58980,58.98
3799,65500,65.5
3800,64901,64.901
3801,87414,87.414
3802,81278,81.278
3803,65540,65.54
3804,65071,65.071
3805,59698,59.698
3806,78989,78.989
3807,71211,71.211
3808,132689,132.689
3809,74309,74.309
3810,63299,63.299
3811,77887,77.887
3812,100205,100.205
3813,55700,55.7
3814,101913,101.913
3815,75513,75.513
3816,69744,69.744
3817,73948,73.948
3818,64451,64.451
3819,132101,132.101
3820,113623,113.623
3821,118889,118.889
3822,66151,66.151
3823,103249,103.249
3824,116878,116.878
3825,74204,74.204
3826,64628,64.628
3827,65809,65.809
3828,79806,79.806
3829,77044,77.044
3830,69804,69.804
3831,74569,74.569
3832,73675,73.675
3833,71164,71.164
3834,82176,82.176
3835,82986,82.986
3836,105662,105.662
3837,86530,86.53
3838,79898,79.898
3839,88779,88.779
3840,79567,79.567
3841,125034,125.034
3842,85632,85.632
3843,77627,77.627
3844,73176,73.176
3845,56882,56.882
3846,87218,87.218
3847,105258,105.258
3848,62713,62.713
3849,65717,65.717
3850,85711,85.711
3851,61265,61.265
3852,71292,71.292
3853,73477,73.477
3854,88328,88.328
3855,140664,140.664
3856,81827,81.827
3857,143016,143.016
3858,91276,91.276
3859,81211,81.211
3860,71656,71.656
3861,69873,69.873
3862,78530,78.53
3863,70931,70.931
3864,85565,85.565
3865,84904,84.904
3866,65953,65.953
3867,99529,99.529
3868,76312,76.312
3869,110188,110.188
3870,96419,96.419
3871,246228,246.228
3872,111383,111.383
3873,109696,109.696
3874,141019,141.019
3875,142757,142.757
3876,76242,76.242
3877,126527,126.527
3878,113932,113.932
3879,136496,136.496
3880,109239,109.239
3881,99892,99.892
3882,140869,140.869
3883,104038,104.038
3884,102489,102.489
3885,81580,81.58
3886,87125,87.125
3887,91798,91.798
3888,67468,67.468
3889,103149,103.149
3890,182925,182.925
3891,74781,74.781
3892,71906,71.906
3893,63746,63.746
3894,76701,76.701
3895,67725,67.725
3896,81669,81.669
3897,97075,97.075
3898,65680,65.68
3899,60189,60.189
3900,59659,59.659
3901,76769,76.769
3902,80471,80.471
3903,78078,78.078
3904,61799,61.799
3905,55485,55.485
3906,75803,75.803
3907,74254,74.254
3908,69267,69.267
3909,80887,80.887
3910,63767,63.767
3911,103084,103.084
3912,86443,86.443
3913,69297,69.297
3914,61664,61.664
3915,59556,59.556
3916,88058,88.058
3917,85266,85.266
3918,69357,69.357
3919,85767,85.767
3920,74627,74.627
3921,60283,60.283
3922,57460,57.46
3923,63676,63.676
3924,85908,85.908
3925,61073,61.073
3926,140767,140.767
3927,89948,89.948
3928,62287,62.287
3929,56752,56.752
3930,61577,61.577
3931,88162,88.162
3932,94009,94.009
3933,54236,54.236
3934,77213,77.213
3935,79923,79.923
3936,74954,74.954
3937,124953,124.953
3938,52533,52.533
3939,57113,57.113
3940,64016,64.016
3941,70025,70.025
3942,78605,78.605
3943,74720,74.72
3944,107463,107.463
3945,71061,71.061
3946,75801,75.801
3947,75719,75.719
3948,115016,115.016
3949,71350,71.35
3950,65952,65.952
3951,77862,77.862
3952,89451,89.451
3953,73530,73.53
3954,108641,108.641
3955,98522,98.522
3956,84213,84.213
3957,150820,150.82
3958,91187,91.187
3959,116883,116.883
3960,136514,136.514
3961,74039,74.039
3962,86649,86.649
3963,71334,71.334
3964,76374,76.374
3965,71462,71.462
3966,87977,87.977
3967,93914,93.914
3968,89415,89.415
3969,107192,107.192
3970,136640,136.64
3971,94837,94.837
3972,114646,114.646
3973,76225,76.225
3974,98910,98.91
3975,71971,71.971
3976,73482,73.482
3977,163180,163.18
3978,92928,92.928
3979,101277,101.277
3980,105153,105.153
3981,119334,119.334
3982,117398,117.398
3983,97534,97.534
3984,108736,108.736
3985,87403,87.403
3986,104777,104.777
3987,70963,70.963
3988,68737,68.737
3989,150601,150.601
3990,96296,96.296
3991,94029,94.029
3992,74183,74.183
3993,124331,124.331
3994,140838,140.838
3995,121530,121.53
3996,61761,61.761
3997,75003,75.003
3998,54562,54.562
3999,66893,66.893
4000,56403,56.403
4001,173231,173.231
4002,155161,155.161
4003,103682,103.682
4004,133956,133.956
4005,124950,124.95
4006,122013,122.013
4007,116602,116.602
4008,122705,122.705
4009,91997,91.997
4010,222892,222.892
4011,210281,210.281
4012,91863,91.863
4013,114410,114.41
4014,121327,121.327
4015,148455,148.455
4016,139054,139.054
4017,96854,96.854
4018,140504,140.504
4019,133765,133.765
4020,127991,127.991
4021,70157,70.157
4022,92299,92.299
4023,110254,110.254
4024,99972,99.972
4025,117699,117.699
4026,123675,123.675
4027,115504,115.504
4028,79492,79.492
4029,91417,91.417
4030,104374,104.374
4031,99457,99.457
4032,87190,87.19
4033,71329,71.329
4034,89661,89.661
4035,106256,106.256
4036,96453,96.453
4037,83958,83.958
4038,75822,75.822
4039,67552,67.552
4040,84242,84.242
4041,90112,90.112
4042,82725,82.725
4043,95082,95.082
4044,81874,81.874
4045,107382,107.382
4046,220054,220.054
4047,92773,92.773
4048,103553,103.553
4049,89291,89.291
4050,78821,78.821
4051,96022,96.022
4052,86017,86.017
4053,81249,81.249
4054,80033,80.033
4055,133161,133.161
4056,142155,142.155
4057,107031,107.031
4058,91128,91.128
4059,88861,88.861
4060,114136,114.136
4061,165415,165.415
4062,76655,76.655
4063,94592,94.592
4064,86976,86.976
4065,93280,93.28
4066,98927,98.927
4067,97689,97.689
4068,71457,71.457
4069,90730,90.73
4070,88909,88.909
4071,99046,99.046
4072,62852,62.852
4073,71399,71.399
4074,65958,65.958
4075,114004,114.004
4076,98420,98.42
4077,88395,88.395
4078,79930,79.93
4079,71702,71.702
4080,116106,116.106
4081,135695,135.695
4082,94653,94.653
4083,83117,83.117
4084,75185,75.185
4085,117864,117.864
4086,91291,91.291
4087,107956,107.956
4088,86413,86.413
4089,85284,85.284
4090,103257,103.257
4091,79538,79.538
4092,73785,73.785
4093,143205,143.205
4094,120646,120.646
4095,134242,134.242
4096,153104,153.104
4097,118345,118.345
4098,121641,121.641
4099,82994,82.994
4100,119047,119.047
4101,75786,75.786
4102,170890,170.89
4103,102534,102.534
4104,97074,97.074
4105,138936,138.936
4106,118353,118.353
4107,178171,178.171
4108,158497,158.497
4109,137427,137.427
4110,120776,120.776
4111,92061,92.061
4112,84204,84.204
4113,132805,132.805
4114,111086,111.086
4115,103505,103.505
4116,120235,120.235
4117,112112,112.112
4118,138783,138.783
4119,115487,115.487
4120,110729,110.729
4121,193271,193.271
4122,105487,105.487
4123,150020,150.02
4124,132943,132.943
4125,135634,135.634
4126,113730,113.73
4127,99034,99.034
4128,69710,69.71
4129,63631,63.631
4130,100915,100.915
4131,244597,244.597
4132,120160,120.16
4133,92044,92.044
4134,82657,82.657
4135,82395,82.395
4136,235711,235.711
4137,88487,88.487
4138,90390,90.39
4139,79154,79.154
4140,86935,86.935
4141,101954,101.954
4142,73440,73.44
4143,103690,103.69
4144,69150,69.15
4145,85459,85.459
4146,133823,133.823
4147,106046,106.046
4148,75734,75.734
4149,72885,72.885
4150,105704,105.704
4151,64864,64.864
4152,62399,62.399
4153,77878,77.878
4154,104613,104.613
4155,97093,97.093
4156,106629,106.629
4157,88705,88.705
4158,146847,146.847
4159,123668,123.668
4160,112560,112.56
4161,75740,75.74
4162,82093,82.093
4163,79242,79.242
4164,74681,74.681
4165,110996,110.996
4166,224221,224.221
4167,119084,119.084
4168,87966,87.966
4169,82928,82.928
4170,105349,105.349
4171,113680,113.68
4172,77854,77.854
4173,67226,67.226
4174,56964,56.964
4175,95683,95.683
4176,96853,96.853
4177,82432,82.432
4178,87248,87.248
4179,81123,81.123
4180,107088,107.088
4181,97941,97.941
4182,95834,95.834
4183,83429,83.429
4184,64555,64.555
4185,80357,80.357
4186,84830,84.83
4187,90985,90.985
4188,70739,70.739
4189,70852,70.852
4190,102531,102.531
4191,283397,283.397
4192,91268,91.268
4193,138033,138.033
4194,119255,119.255
4195,126356,126.356
4196,294303,294.303
4197,114330,114.33
4198,133040,133.04
4199,72326,72.326
4200,116181,116.181
4201,99992,99.992
4202,120938,120.938
4203,140026,140.026
4204,82139,82.139
4205,91675,91.675
4206,117211,117.211
4207,145882,145.882
4208,138978,138.978
4209,141734,141.734
4210,147518,147.518
4211,91508,91.508
4212,79835,79.835
4213,127852,127.852
4214,115168,115.168
4215,114159,114.159
4216,122124,122.124
4217,125172,125.172
4218,123823,123.823
4219,101284,101.284
4220,121430,121.43
4221,169433,169.433
4222,71193,71.193
4223,111496,111.496
4224,93247,93.247
4225,117345,117.345
4226,104848,104.848
4227,107497,107.497
4228,88576,88.576
4229,72248,72.248
4230,83621,83.621
4231,100494,100.494
4232,83503,83.503
4233,92582,92.582
4234,89551,89.551
4235,84417,84.417
4236,78441,78.441
4237,71133,71.133
4238,84040,84.04
4239,73444,73.444
4240,85775,85.775
4241,215700,215.7
4242,78724,78.724
4243,75042,75.042
4244,80922,80.922
4245,92624,92.624
4246,96838,96.838
4247,79305,79.305
4248,96085,96.085
4249,94391,94.391
4250,104379,104.379
4251,158194,158.194
4252,75342,75.342
4253,80227,80.227
4254,92431,92.431
4255,94044,94.044
4256,105457,105.457
4257,78833,78.833
4258,89185,89.185
4259,105909,105.909
4260,153519,153.519
4261,174843,174.843
4262,94244,94.244
4263,103839,103.839
4264,86219,86.219
4265,97336,97.336
4266,88725,88.725
4267,67287,67.287
4268,77732,77.732
4269,75921,75.921
4270,109725,109.725
4271,102490,102.49
4272,102692,102.692
4273,94416,94.416
4274,108997,108.997
4275,90870,90.87
4276,105198,105.198
4277,74853,74.853
4278,76773,76.773
4279,85917,85.917
4280,103173,103.173
4281,93958,93.958
4282,62143,62.143
4283,73764,73.764
4284,77592,77.592
4285,118195,118.195
4286,101104,101.104
4287,239627,239.627
4288,130844,130.844
4289,123193,123.193
4290,138923,138.923
4291,125094,125.094
4292,130242,130.242
4293,146306,146.306
4294,124485,124.485
4295,159688,159.688
4296,113659,113.659
4297,114947,114.947
4298,103669,103.669
4299,93603,93.603
4300,87962,87.962
4301,116087,116.087
4302,133785,133.785
4303,112106,112.106
4304,108432,108.432
4305,146702,146.702
4306,166300,166.3
4307,122269,122.269
4308,156624,156.624
4309,112399,112.399
4310,142171,142.171
4311,147542,147.542
4312,125265,125.265
4313,109270,109.27
4314,130697,130.697
4315,138469,138.469
4316,126946,126.946
4317,125199,125.199
4318,149411,149.411
4319,123056,123.056
4320,105372,105.372
4321,119640,119.64
4322,109250,109.25
4323,149508,149.508
4324,151010,151.01
4325,93982,93.982
4326,125672,125.672
4327,104128,104.128
4328,99170,99.17
4329,93467,93.467
4330,86538,86.538
4331,117455,117.455
4332,107894,107.894
4333,94555,94.555
4334,116511,116.511
4335,90897,90.897
4336,154212,154.212
4337,59423,59.423
4338,107010,107.01
4339,69767,69.767
4340,102288,102.288
4341,74259,74.259
4342,114812,114.812
4343,108609,108.609
4344,89512,89.512
4345,94688,94.688
4346,168709,168.709
4347,66756,66.756
4348,98457,98.457
4349,71652,71.652
4350,114577,114.577
4351,129663,129.663
4352,133257,133.257
4353,104736,104.736
4354,93175,93.175
4355,90556,90.556
4356,278451,278.451
4357,91614,91.614
4358,96110,96.11
4359,85954,85.954
4360,80465,80.465
4361,131362,131.362
4362,140514,140.514
4363,150241,150.241
4364,110316,110.316
4365,113211,113.211
4366,100182,100.182
4367,85881,85.881
4368,82226,82.226
4369,107633,107.633
4370,106315,106.315
4371,100449,100.449
4372,106882,106.882
4373,67781,67.781
4374,85665,85.665
4375,96119,96.119
4376,218453,218.453
4377,66096,66.096
4378,80825,80.825
4379,90094,90.094
4380,69757,69.757
4381,198883,198.883
4382,65250,65.25
4383,84165,84.165
4384,71063,71.063
4385,105467,105.467
4386,98881,98.881
4387,70126,70.126
4388,83336,83.336
4389,80745,80.745
4390,83084,83.084
4391,84697,84.697
4392,78814,78.814
4393,133127,133.127
4394,108339,108.339
4395,133715,133.715
4396,105201,105.201
4397,112528,112.528
4398,101106,101.106
4399,73165,73.165
4400,106762,106.762
4401,101506,101.506
4402,125926,125.926
4403,139873,139.873
4404,136355,136.355
4405,137490,137.49
4406,106087,106.087
4407,145819,145.819
4408,133387,133.387
4409,121944,121.944
4410,140421,140.421
4411,278693,278.693
4412,144195,144.195
4413,120824,120.824
4414,89523,89.523
4415,145248,145.248
4416,264340,264.34
4417,137322,137.322
4418,157419,157.419
4419,132453,132.453
4420,119149,119.149
4421,105815,105.815
4422,93730,93.73
4423,106554,106.554
4424,83513,83.513
4425,137661,137.661
4426,125619,125.619
4427,122716,122.716
4428,102816,102.816
4429,95019,95.019
4430,99769,99.769
4431,105192,105.192
4432,91265,91.265
4433,65153,65.153
4434,93495,93.495
4435,84422,84.422
4436,100860,100.86
4437,95727,95.727
4438,94789,94.789
4439,87754,87.754
4440,85095,85.095
4441,85297,85.297
4442,109659,109.659
4443,92103,92.103
4444,82038,82.038
4445,106184,106.184
4446,102621,102.621
4447,90489,90.489
4448,95987,95.987
4449,94149,94.149
4450,89811,89.811
4451,86089,86.089
4452,88305,88.305
4453,81730,81.73
4454,66247,66.247
4455,106387,106.387
4456,92392,92.392
4457,79845,79.845
4458,69837,69.837
4459,81267,81.267
4460,92511,92.511
4461,80994,80.994
4462,82226,82.226
4463,171131,171.131
4464,133937,133.937
4465,154416,154.416
4466,91943,91.943
4467,89244,89.244
4468,96159,96.159
4469,88715,88.715
4470,103246,103.246
4471,92020,92.02
4472,84312,84.312
4473,88416,88.416
4474,105439,105.439
4475,107839,107.839
4476,108077,108.077
4477,99218,99.218
4478,86717,86.717
4479,72756,72.756
4480,115437,115.437
4481,78966,78.966
4482,82385,82.385
4483,94287,94.287
4484,68965,68.965
4485,87791,87.791
4486,107551,107.551
4487,93302,93.302
4488,78160,78.16
4489,68555,68.555
4490,87653,87.653
4491,108043,108.043
4492,136194,136.194
4493,89995,89.995
4494,102875,102.875
4495,90313,90.313
4496,113188,113.188
4497,136788,136.788
4498,121587,121.587
4499,85766,85.766
4500,103913,103.913
4501,101864,101.864
4502,110482,110.482
4503,157927,157.927
4504,113884,113.884
4505,128082,128.082
4506,142284,142.284
4507,146035,146.035
4508,148406,148.406
4509,189945,189.945
4510,84351,84.351
4511,104139,104.139
4512,110964,110.964
4513,152295,152.295
4514,180992,180.992
4515,117294,117.294
4516,138509,138.509
4517,171219,171.219
4518,129749,129.749
4519,117490,117.49
4520,82321,82.321
4521,103949,103.949
4522,108202,108.202
4523,148636,148.636
4524,140080,140.08
4525,140603,140.603
4526,161434,161.434
4527,104868,104.868
4528,104595,104.595
4529,98585,98.585
4530,77468,77.468
4531,94295,94.295
4532,69251,69.251
4533,105255,105.255
4534,70118,70.118
4535,109732,109.732
4536,98740,98.74
4537,85767,85.767
4538,106529,106.529
4539,89433,89.433
4540,85985,85.985
4541,107395,107.395
4542,73121,73.121
4543,107348,107.348
4544,89977,89.977
4545,117867,117.867
4546,105542,105.542
4547,91132,91.132
4548,112992,112.992
4549,114835,114.835
4550,114950,114.95
4551,292954,292.954
4552,92764,92.764
4553,93635,93.635
4554,82232,82.232
4555,79529,79.529
4556,127026,127.026
4557,64717,64.717
4558,108399,108.399
4559,95524,95.524
4560,110459,110.459
4561,111235,111.235
4562,106601,106.601
4563,114512,114.512
4564,73084,73.084
4565,153588,153.588
4566,117350,117.35
4567,97292,97.292
4568,97338,97.338
4569,89189,89.189
4570,107179,107.179
4571,95717,95.717
4572,78022,78.022
4573,106951,106.951
4574,92007,92.007
4575,303697,303.697
4576,155524,155.524
4577,107258,107.258
4578,77888,77.888
4579,96292,96.292
4580,102695,102.695
4581,127839,127.839
4582,141368,141.368
4583,109138,109.138
4584,102800,102.8
4585,88508,88.508
4586,123536,123.536
4587,86572,86.572
4588,90438,90.438
4589,80811,80.811
4590,63913,63.913
4591,77367,77.367
4592,154835,154.835
4593,126416,126.416
4594,115359,115.359
4595,109174,109.174
4596,159898,159.898
4597,113664,113.664
4598,83485,83.485
4599,108267,108.267
4600,87623,87.623
4601,173703,173.703
4602,121956,121.956
4603,209554,209.554
4604,135457,135.457
4605,118840,118.84
4606,119462,119.462
4607,166309,166.309
4608,148452,148.452
4609,82207,82.207
4610,125512,125.512
4611,111547,111.547
4612,68130,68.13
4613,157415,157.415
4614,113762,113.762
4615,147356,147.356
4616,212612,212.612
4617,153054,153.054
4618,147587,147.587
4619,93865,93.865
4620,94847,94.847
4621,113176,113.176
4622,97361,97.361
4623,105433,105.433
4624,119447,119.447
4625,139025,139.025
4626,177949,177.949
4627,100741,100.741
4628,87204,87.204
4629,113097,113.097
4630,102404,102.404
4631,112916,112.916
4632,110998,110.998
4633,101030,101.03
4634,60730,60.73
4635,83150,83.15
4636,111071,111.071
4637,92976,92.976
4638,100729,100.729
4639,81533,81.533
4640,94600,94.6
4641,120187,120.187
4642,60219,60.219
4643,70229,70.229
4644,100110,100.11
4645,71993,71.993
4646,159377,159.377
4647,99617,99.617
4648,93472,93.472
4649,90304,90.304
4650,82858,82.858
4651,100995,100.995
4652,71503,71.503
4653,96930,96.93
4654,86385,86.385
4655,75937,75.937
4656,230688,230.688
4657,95739,95.739
4658,114551,114.551
4659,72079,72.079
4660,83574,83.574
4661,66692,66.692
4662,92367,92.367
4663,126915,126.915
4664,131381,131.381
4665,104040,104.04
4666,175946,175.946
4667,144592,144.592
4668,131307,131.307
4669,111585,111.585
4670,117947,117.947
4671,96140,96.14
4672,62993,62.993
4673,76067,76.067
4674,84709,84.709
4675,92758,92.758
4676,102603,102.603
4677,86582,86.582
4678,111032,111.032
4679,103304,103.304
4680,104076,104.076
4681,116625,116.625
4682,73794,73.794
4683,87384,87.384
4684,84687,84.687
4685,99986,99.986
4686,87555,87.555
4687,106111,106.111
4688,111328,111.328
4689,95068,95.068
4690,97519,97.519
4691,115156,115.156
4692,102994,102.994
4693,110066,110.066
4694,78599,78.599
4695,96773,96.773
4696,128969,128.969
4697,133736,133.736
4698,122526,122.526
4699,96051,96.051
4700,109498,109.498
4701,94425,94.425
4702,133993,133.993
4703,110903,110.903
4704,252685,252.685
4705,121071,121.071
4706,136853,136.853
4707,115045,115.045
4708,141707,141.707
4709,99413,99.413
4710,132543,132.543
4711,76121,76.121
4712,126544,126.544
4713,97333,97.333
4714,74779,74.779
4715,107702,107.702
4716,115201,115.201
4717,117427,117.427
4718,119514,119.514
4719,83628,83.628
4720,99454,99.454
4721,74064,74.064
4722,72236,72.236
4723,100335,100.335
4724,76690,76.69
4725,70568,70.568
4726,72449,72.449
4727,73749,73.749
4728,76912,76.912
4729,84080,84.08
4730,107572,107.572
4731,70808,70.808
4732,62044,62.044
4733,125244,125.244
4734,64717,64.717
4735,61410,61.41
4736,98000,98.0
4737,64763,64.763
4738,81999,81.999
4739,60297,60.297
4740,88710,88.71
4741,116356,116.356
4742,56133,56.133
4743,121251,121.251
4744,67338,67.338
4745,72045,72.045
4746,92600,92.6
4747,64324,64.324
4748,83130,83.13
4749,75866,75.866
4750,106640,106.64
4751,164986,164.986
4752,58299,58.299
4753,69167,69.167
4754,60802,60.802
4755,63864,63.864
4756,74171,74.171
4757,58521,58.521
4758,76558,76.558
4759,58233,58.233
4760,65200,65.2
4761,116888,116.888
4762,69340,69.34
4763,105614,105.614
4764,71561,71.561
4765,76734,76.734
4766,71995,71.995
4767,70591,70.591
4768,81307,81.307
4769,133193,133.193
4770,89934,89.934
4771,121372,121.372
4772,85640,85.64
4773,85153,85.153
4774,86511,86.511
4775,86022,86.022
4776,80434,80.434
4777,104146,104.146
4778,85283,85.283
4779,85005,85.005
4780,101653,101.653
4781,75642,75.642
4782,90384,90.384
4783,71934,71.934
4784,68790,68.79
4785,62364,62.364
4786,66394,66.394
4787,72381,72.381
4788,62101,62.101
4789,77038,77.038
4790,59749,59.749
4791,86948,86.948
4792,112651,112.651
4793,90548,90.548
4794,72909,72.909
4795,91277,91.277
4796,103396,103.396
4797,191467,191.467
4798,109690,109.69
4799,88317,88.317
4800,78398,78.398
4801,145062,145.062
4802,93448,93.448
4803,91643,91.643
4804,112454,112.454
4805,86860,86.86
4806,82472,82.472
4807,103265,103.265
4808,138552,138.552
4809,80382,80.382
4810,91090,91.09
4811,78982,78.982
4812,86862,86.862
4813,132829,132.829
4814,84229,84.229
4815,131455,131.455
4816,126162,126.162
4817,107956,107.956
4818,105031,105.031
4819,141112,141.112
4820,105767,105.767
4821,226954,226.954
4822,84742,84.742
4823,86761,86.761
4824,80482,80.482
4825,116647,116.647
4826,91123,91.123
4827,72620,72.62
4828,139297,139.297
4829,64261,64.261
4830,74676,74.676
4831,70503,70.503
4832,74367,74.367
4833,76619,76.619
4834,65343,65.343
4835,73762,73.762
4836,96819,96.819
4837,82188,82.188
4838,104159,104.159
4839,58725,58.725
4840,107748,107.748
4841,61389,61.389
4842,70444,70.444
4843,82063,82.063
4844,60519,60.519
4845,72099,72.099
4846,74026,74.026
4847,66766,66.766
4848,100745,100.745
4849,62595,62.595
4850,101887,101.887
4851,60505,60.505
4852,74754,74.754
4853,65133,65.133
4854,71118,71.118
4855,70156,70.156
4856,66033,66.033
4857,69764,69.764
4858,67463,67.463
4859,65807,65.807
4860,62896,62.896
4861,60017,60.017
4862,68463,68.463
4863,136901,136.901
4864,110735,110.735
4865,101622,101.622
4866,80827,80.827
4867,75613,75.613
4868,111444,111.444
4869,75678,75.678
4870,96139,96.139
4871,118175,118.175
4872,86093,86.093
4873,95648,95.648
4874,86021,86.021
4875,85371,85.371
4876,79870,79.87
4877,86595,86.595
4878,143743,143.743
4879,97567,97.567
4880,91484,91.484
4881,344327,344.327
4882,60885,60.885
4883,76378,76.378
4884,63600,63.6
4885,71711,71.711
4886,56335,56.335
4887,68066,68.066
4888,70802,70.802
4889,58111,58.111
4890,62346,62.346
4891,61925,61.925
4892,93789,93.789
4893,92887,92.887
4894,79267,79.267
4895,84450,84.45
4896,82110,82.11
4897,107832,107.832
4898,150325,150.325
4899,93859,93.859
4900,95044,95.044
4901,152041,152.041
4902,113921,113.921
4903,105101,105.101
4904,168882,168.882
4905,82725,82.725
4906,250653,250.653
4907,104651,104.651
4908,135489,135.489
4909,101169,101.169
4910,79039,79.039
4911,99968,99.968
4912,129886,129.886
4913,119260,119.26
4914,93515,93.515
4915,106162,106.162
4916,90314,90.314
4917,111512,111.512
4918,111805,111.805
4919,89724,89.724
4920,94445,94.445
4921,109595,109.595
4922,103644,103.644
4923,113647,113.647
4924,77728,77.728
4925,70802,70.802
4926,86944,86.944
4927,63162,63.162
4928,67535,67.535
4929,66911,66.911
4930,77615,77.615
4931,147587,147.587
4932,71225,71.225
4933,77757,77.757
4934,69713,69.713
4935,78765,78.765
4936,72895,72.895
4937,62726,62.726
4938,81839,81.839
4939,58401,58.401
4940,75791,75.791
4941,60071,60.071
4942,76764,76.764
4943,82537,82.537
4944,77394,77.394
4945,80616,80.616
4946,72124,72.124
4947,65701,65.701
4948,104777,104.777
4949,75308,75.308
4950,99956,99.956
4951,74862,74.862
4952,64247,64.247
4953,67190,67.19
4954,73454,73.454
4955,65902,65.902
4956,60054,60.054
4957,72635,72.635
4958,71161,71.161
4959,69464,69.464
4960,72906,72.906
4961,66957,66.957
4962,68577,68.577
4963,73546,73.546
4964,79493,79.493
4965,73573,73.573
4966,81826,81.826
4967,102843,102.843
4968,81626,81.626
4969,71006,71.006
4970,81634,81.634
4971,94939,94.939
4972,101128,101.128
4973,97434,97.434
4974,73664,73.664
4975,91231,91.231
4976,77949,77.949
4977,87740,87.74
4978,105993,105.993
4979,66963,66.963
4980,79849,79.849
4981,63037,63.037
4982,67719,67.719
4983,74591,74.591
4984,72031,72.031
4985,75627,75.627
4986,71041,71.041
4987,78592,78.592
4988,105796,105.796
4989,70655,70.655
4990,71426,71.426
4991,69175,69.175
4992,113847,113.847
4993,99969,99.969
4994,116243,116.243
4995,75471,75.471
4996,67031,67.031
4997,87474,87.474
4998,117619,117.619
4999,75387,75.387
5000,81390,81.39
